date,raw_signal,executed_position,asset_return,executed_shares,liquidity_cap_shares,capital_utilization,turnover,transaction_cost,gross_strategy_return,net_strategy_return,transaction_cost_value,gross_pnl,net_pnl,equity_curve,drawdown
2023-12-08,0,0.0,-0.003296703296703174,0,31500,0.0,0.0,0.0,-0.0,-0.0,0.0,-0.0,-0.0,1.0,0.0
2023-12-11,0,0.0,0.0038525041276828986,0,31000,0.0,0.0,0.0,0.0,0.0,0.0,0.0,0.0,1.0,0.0
2023-12-12,0,0.0,-0.014721919302071895,0,30800,0.0,0.0,0.0,-0.0,-0.0,0.0,-0.0,-0.0,1.0,0.0
2023-12-13,0,0.0,-0.0071428571428571175,0,30000,0.0,0.0,0.0,-0.0,-0.0,0.0,-0.0,-0.0,1.0,0.0
2023-12-14,0,0.0,0.007262569832402477,0,30800,0.0,0.0,0.0,0.0,0.0,0.0,0.0,0.0,1.0,0.0
2023-12-15,0,0.0,-0.016759776536312665,0,30600,0.0,0.0,0.0,-0.0,-0.0,0.0,-0.0,-0.0,1.0,0.0
2023-12-18,0,0.0,0.015314804310833763,0,31500,0.0,0.0,0.0,0.0,0.0,0.0,0.0,0.0,1.0,0.0
2023-12-19,0,0.0,0.009572072072072002,0,31700,0.0,0.0,0.0,0.0,0.0,0.0,0.0,0.0,1.0,0.0
2023-12-20,0,0.0,0.005608524957936067,0,32000,0.0,0.0,0.0,0.0,0.0,0.0,0.0,0.0,1.0,0.0
2023-12-21,0,0.0,-0.0016759776536311444,0,32300,0.0,0.0,0.0,-0.0,-0.0,0.0,-0.0,-0.0,1.0,0.0
2023-12-22,0,0.0,0.013385387618516598,0,31800,0.0,0.0,0.0,0.0,0.0,0.0,0.0,0.0,1.0,0.0
2023-12-25,0,0.0,-0.0022050716648290836,0,33200,0.0,0.0,0.0,-0.0,-0.0,0.0,-0.0,-0.0,1.0,0.0
2023-12-26,0,0.0,0.0022099447513812542,0,33800,0.0,0.0,0.0,0.0,0.0,0.0,0.0,0.0,1.0,0.0
2023-12-27,0,0.0,0.008820286659316334,0,34000,0.0,0.0,0.0,0.0,0.0,0.0,0.0,0.0,1.0,0.0
2023-12-28,0,0.0,-0.003810560696788312,0,34100,0.0,0.0,0.0,-0.0,-0.0,0.0,-0.0,-0.0,1.0,0.0
2023-12-29,0,0.0,0.0016357688113413094,0,35500,0.0,0.0,0.0,0.0,0.0,0.0,0.0,0.0,1.0,0.0
2024-01-02,0,0.0,0.01469787697332614,0,33300,0.0,0.0,0.0,0.0,0.0,0.0,0.0,0.0,1.0,0.0
2024-01-03,0,0.0,0.03426124197002145,0,33600,0.0,0.0,0.0,0.0,0.0,0.0,0.0,0.0,1.0,0.0
2024-01-04,0,0.0,0.008753861997940149,0,39400,0.0,0.0,0.0,0.0,0.0,0.0,0.0,0.0,1.0,0.0
2024-01-05,0,0.0,0.0015052684395384652,0,40900,0.0,0.0,0.0,0.0,0.0,0.0,0.0,0.0,1.0,0.0
2024-01-08,0,0.0,0.013506753376688607,0,45100,0.0,0.0,0.0,0.0,0.0,0.0,0.0,0.0,1.0,0.0
2024-01-09,0,0.0,0.033563672260612076,0,51200,0.0,0.0,0.0,0.0,0.0,0.0,0.0,0.0,1.0,0.0
2024-01-10,0,0.0,-0.0033317467872441275,0,56500,0.0,0.0,0.0,-0.0,-0.0,0.0,-0.0,-0.0,1.0,0.0
2024-01-11,0,0.0,0.023076923076922995,0,59500,0.0,0.0,0.0,0.0,0.0,0.0,0.0,0.0,1.0,0.0
2024-01-12,0,0.0,-0.004692632566869914,0,66200,0.0,0.0,0.0,-0.0,-0.0,0.0,-0.0,-0.0,1.0,0.0
2024-01-15,0,0.0,0.011444921316166035,0,67700,0.0,0.0,0.0,0.0,0.0,0.0,0.0,0.0,1.0,0.0
2024-01-16,0,0.0,0.0033381020505485193,0,69500,0.0,0.0,0.0,0.0,0.0,0.0,0.0,0.0,1.0,0.0
2024-01-17,0,0.0,0.011406844106463865,0,71700,0.0,0.0,0.0,0.0,0.0,0.0,0.0,0.0,1.0,0.0
2024-01-18,0,0.0,0.02849135917795409,0,75000,0.0,0.0,0.0,0.0,0.0,0.0,0.0,0.0,1.0,0.0
2024-01-19,0,0.0,0.0027285129604366354,0,80800,0.0,0.0,0.0,0.0,0.0,0.0,0.0,0.0,1.0,0.0
2024-01-22,0,0.0,-0.013605442176870763,0,84000,0.0,0.0,0.0,-0.0,-0.0,0.0,-0.0,-0.0,1.0,0.0
2024-01-23,0,0.0,0.0013901760889714065,0,86600,0.0,0.0,0.0,0.0,0.0,0.0,0.0,0.0,1.0,0.0
2024-01-24,0,0.0,0.0018509949097640366,0,87400,0.0,0.0,0.0,0.0,0.0,0.0,0.0,0.0,1.0,0.0
2024-01-25,0,0.0,0.0,0,88500,0.0,0.0,0.0,0.0,0.0,0.0,0.0,0.0,1.0,0.0
2024-01-26,0,0.0,0.0064575645756457245,0,88900,0.0,0.0,0.0,0.0,0.0,0.0,0.0,0.0,1.0,0.0
2024-01-29,0,0.0,-0.004576659038901698,0,89500,0.0,0.0,0.0,-0.0,-0.0,0.0,-0.0,-0.0,1.0,0.0
2024-01-30,0,0.0,-0.026459854014598605,0,89700,0.0,0.0,0.0,-0.0,-0.0,0.0,-0.0,-0.0,1.0,0.0
2024-01-31,0,0.0,0.01930320150659126,0,94100,0.0,0.0,0.0,0.0,0.0,0.0,0.0,0.0,1.0,0.0
2024-02-01,0,0.0,-0.00925497454881996,0,89300,0.0,0.0,0.0,-0.0,-0.0,0.0,-0.0,-0.0,1.0,0.0
2024-02-02,0,0.0,0.06759906759906764,0,87200,0.0,0.0,0.0,0.0,0.0,0.0,0.0,0.0,1.0,0.0
2024-02-05,0,0.0,0.011754462342185468,0,92000,0.0,0.0,0.0,0.0,0.0,0.0,0.0,0.0,1.0,0.0
2024-02-06,0,0.0,0.03184165232358005,0,89200,0.0,0.0,0.0,0.0,0.0,0.0,0.0,0.0,1.0,0.0
2024-02-07,0,0.0,-0.017047817047817104,0,89000,0.0,0.0,0.0,-0.0,-0.0,0.0,-0.0,-0.0,1.0,0.0
2024-02-15,0,0.0,-0.001258389261745041,0,88500,0.0,0.0,0.0,-0.0,-0.0,0.0,-0.0,-0.0,1.0,0.0
2024-02-16,0,0.0,0.008435259384226068,0,83700,0.0,0.0,0.0,0.0,0.0,0.0,0.0,0.0,1.0,0.0
2024-02-19,0,0.0,-0.00251677852348986,0,85600,0.0,0.0,0.0,-0.0,-0.0,0.0,-0.0,-0.0,1.0,0.0
2024-02-20,0,0.0,0.00839983200336003,0,85300,0.0,0.0,0.0,0.0,0.0,0.0,0.0,0.0,1.0,0.0
2024-02-21,0,0.0,0.0,0,87100,0.0,0.0,0.0,0.0,0.0,0.0,0.0,0.0,1.0,0.0
2024-02-22,0,0.0,-0.016542597187758412,0,86200,0.0,0.0,0.0,-0.0,-0.0,0.0,-0.0,-0.0,1.0,0.0
2024-02-23,0,0.0,0.01261564339781307,0,92000,0.0,0.0,0.0,0.0,0.0,0.0,0.0,0.0,1.0,0.0
2024-02-26,0,0.0,0.012857735379510737,0,90800,0.0,0.0,0.0,0.0,0.0,0.0,0.0,0.0,1.0,0.0
2024-02-27,0,0.0,-0.012606750711671388,0,90800,0.0,0.0,0.0,-0.0,-0.0,0.0,-0.0,-0.0,1.0,0.0
2024-02-28,0,0.0,-0.017995910020449757,0,93200,0.0,0.0,0.0,-0.0,-0.0,0.0,-0.0,-0.0,1.0,0.0
2024-02-29,0,0.0,-0.002488593944421358,0,97000,0.0,0.0,0.0,-0.0,-0.0,0.0,-0.0,-0.0,1.0,0.0
2024-03-01,0,0.0,0.011226611226611283,0,99800,0.0,0.0,0.0,0.0,0.0,0.0,0.0,0.0,1.0,0.0
2024-03-04,0,0.0,0.012335526315789602,0,105600,0.0,0.0,0.0,0.0,0.0,0.0,0.0,0.0,1.0,0.0
2024-03-05,0,0.0,-0.008540056933712958,0,107500,0.0,0.0,0.0,-0.0,-0.0,0.0,-0.0,-0.0,1.0,0.0
2024-03-06,0,0.0,-0.005756578947368474,0,107000,0.0,0.0,0.0,-0.0,-0.0,0.0,-0.0,-0.0,1.0,0.0
2024-03-07,0,0.0,-0.03639371381306866,0,108900,0.0,0.0,0.0,-0.0,-0.0,0.0,-0.0,-0.0,1.0,0.0
2024-03-08,0,0.0,-0.009871244635193177,0,117100,0.0,0.0,0.0,-0.0,-0.0,0.0,-0.0,-0.0,1.0,0.0
2024-03-11,0,0.0,0.014366565084893423,0,110100,0.0,0.0,0.0,0.0,0.0,0.0,0.0,0.0,1.0,0.0
2024-03-12,0,0.0,0.015832263585793704,0,109200,0.0,0.0,0.0,0.0,0.0,0.0,0.0,0.0,1.0,0.0
2024-03-13,0,0.0,-0.021446593776282663,0,105500,0.0,0.0,0.0,-0.0,-0.0,0.0,-0.0,-0.0,1.0,0.0
2024-03-14,0,0.0,0.009896729776247781,0,104500,0.0,0.0,0.0,0.0,0.0,0.0,0.0,0.0,1.0,0.0
2024-03-15,0,0.0,-0.0417554324669791,0,105600,0.0,0.0,0.0,-0.0,-0.0,0.0,-0.0,-0.0,1.0,0.0
2024-03-18,0,0.0,-0.003102836879432691,0,105900,0.0,0.0,0.0,-0.0,-0.0,0.0,-0.0,-0.0,1.0,0.0
2024-03-19,0,0.0,0.03479036574487049,0,106100,0.0,0.0,0.0,0.0,0.0,0.0,0.0,0.0,1.0,0.0
2024-03-20,0,0.0,0.008557980316645342,0,105600,0.0,0.0,0.0,0.0,0.0,0.0,0.0,0.0,1.0,0.0
2024-03-21,0,0.0,0.016870518768452136,0,106600,0.0,0.0,0.0,0.0,0.0,0.0,0.0,0.0,1.0,0.0
2024-03-22,0,0.0,-0.02251876563803168,0,101700,0.0,0.0,0.0,-0.0,-0.0,0.0,-0.0,-0.0,1.0,0.0
2024-03-25,0,0.0,0.013208351086493542,0,103300,0.0,0.0,0.0,0.0,0.0,0.0,0.0,0.0,1.0,0.0
2024-03-26,0,0.0,0.014382402707275865,0,100700,0.0,0.0,0.0,0.0,0.0,0.0,0.0,0.0,1.0,0.0
2024-03-27,0,0.0,-0.004123711340206282,0,98300,0.0,0.0,0.0,-0.0,-0.0,0.0,-0.0,-0.0,1.0,0.0
2024-03-28,0,0.0,-0.005797101449275255,0,95400,0.0,0.0,0.0,-0.0,-0.0,0.0,-0.0,-0.0,1.0,0.0
2024-03-29,0,0.0,-0.01129234629861986,0,93100,0.0,0.0,0.0,-0.0,-0.0,0.0,-0.0,-0.0,1.0,0.0
2024-04-01,0,0.0,0.014592274678111528,0,88300,0.0,0.0,0.0,0.0,0.0,0.0,0.0,0.0,1.0,0.0
2024-04-02,0,0.0,-0.02418328383538393,0,88100,0.0,0.0,0.0,-0.0,-0.0,0.0,-0.0,-0.0,1.0,0.0
2024-04-03,0,0.0,-0.01904761904761909,0,87100,0.0,0.0,0.0,-0.0,-0.0,0.0,-0.0,-0.0,1.0,0.0
2024-04-04,0,0.0,0.0,0,86200,0.0,0.0,0.0,0.0,0.0,0.0,0.0,0.0,1.0,0.0
2024-04-05,0,0.0,0.006224988883948512,0,80700,0.0,0.0,0.0,0.0,0.0,0.0,0.0,0.0,1.0,0.0
2024-04-08,0,0.0,0.010043668122270866,0,82700,0.0,0.0,0.0,0.0,0.0,0.0,0.0,0.0,1.0,0.0
2024-04-09,0,0.0,-0.020258620689655116,0,82000,0.0,0.0,0.0,-0.0,-0.0,0.0,-0.0,-0.0,1.0,0.0
2024-04-10,0,0.0,0.012005335704757814,0,81100,0.0,0.0,0.0,0.0,0.0,0.0,0.0,0.0,1.0,0.0
2024-04-11,0,0.0,0.06219886114761297,0,79600,0.0,0.0,0.0,0.0,0.0,0.0,0.0,0.0,1.0,0.0
2024-04-12,0,0.0,-0.06575682382133996,0,86700,0.0,0.0,0.0,-0.0,-0.0,0.0,-0.0,-0.0,1.0,0.0
2024-04-15,1,1.0,0.004366812227074357,4300,95700,0.9847,1.9737,0.0049364000000000005,0.00430000000000012,-0.0006363999999998812,493640.00000000006,430000.00000001193,-63639.999999988126,0.9993636000000001,-0.0006363999999998704
2024-04-16,0,0.0,-0.044963251188932074,0,99800,0.0,0.0,0.0,-0.0,-0.0,0.0,-0.0,-0.0,0.9993636000000001,-0.0006363999999998704
2024-04-17,1,1.0,-0.01568265682656822,4600,104600,0.9979150731525541,1.980180186670797,0.004942625486859837,-0.015649959634311227,-0.020592585121171063,493948.0,-1563999.9999999953,-2057947.9999999953,0.9787841200000003,-0.021215879999999743
2024-04-19,0,0.0,0.007852193995381063,0,106600,0.0,0.0,0.0,0.0,0.0,0.0,0.0,0.0,0.9787841200000003,-0.021215879999999743
2024-04-22,0,0.0,-0.022956841138659367,0,102500,0.0,0.0,0.0,-0.0,-0.0,0.0,-0.0,-0.0,0.9787841200000003,-0.021215879999999743
2024-04-23,1,1.0,0.03007866728366504,4500,103100,0.9935285831976921,2.0169411820861987,0.005057294963060904,0.0298840156908145,0.024826720727753594,495000.0,2925000.0000000065,2430000.0000000065,1.0030841200000002,0.0
2024-04-24,0,0.0,0.0045065344749886105,0,105700,0.0,0.0,0.0,0.0,0.0,0.0,0.0,0.0,1.0030841200000002,0.0
2024-04-25,0,0.0,0.007276034561164213,0,105600,0.0,0.0,0.0,0.0,0.0,0.0,0.0,0.0,1.0030841200000002,0.0
2024-04-26,0,0.0,-0.013544018058690654,0,106500,0.0,0.0,0.0,-0.0,-0.0,0.0,-0.0,-0.0,1.0030841200000002,0.0
2024-05-02,0,0.0,-0.0018248175182482562,0,107500,0.0,0.0,0.0,-0.0,-0.0,0.0,-0.0,-0.0,1.0030841200000002,0.0
2024-05-03,0,0.0,0.01816530426884655,0,106600,0.0,0.0,0.0,0.0,0.0,0.0,0.0,0.0,1.0030841200000002,0.0
2024-05-06,0,0.0,-0.012042818911686126,0,106900,0.0,0.0,0.0,-0.0,-0.0,0.0,-0.0,-0.0,1.0030841200000002,0.0
2024-05-07,0,0.0,-0.0013605442176871652,0,104800,0.0,0.0,0.0,-0.0,-0.0,0.0,-0.0,-0.0,1.0030841200000002,0.0
2024-05-08,0,0.0,0.0031602708803610824,0,105500,0.0,0.0,0.0,0.0,0.0,0.0,0.0,0.0,1.0030841200000002,0.0
2024-05-09,0,0.0,-0.008932559178204569,0,104200,0.0,0.0,0.0,-0.0,-0.0,0.0,-0.0,-0.0,1.0030841200000002,0.0
2024-05-10,0,0.0,-0.01667417755745837,0,100500,0.0,0.0,0.0,-0.0,-0.0,0.0,-0.0,-0.0,1.0030841200000002,0.0
2024-05-13,0,0.0,-0.002742230347349106,0,101400,0.0,0.0,0.0,-0.0,-0.0,0.0,-0.0,-0.0,1.0030841200000002,0.0
2024-05-14,0,0.0,-0.0031934306569343374,0,102000,0.0,0.0,0.0,-0.0,-0.0,0.0,-0.0,-0.0,1.0030841200000002,0.0
2024-05-15,0,0.0,0.012189616252821889,0,103900,0.0,0.0,0.0,0.0,0.0,0.0,0.0,0.0,1.0030841200000002,0.0
2024-05-16,0,0.0,-0.007545494895694671,0,99100,0.0,0.0,0.0,-0.0,-0.0,0.0,-0.0,-0.0,1.0030841200000002,0.0
2024-05-17,0,0.0,0.0017785682525568447,0,87400,0.0,0.0,0.0,0.0,0.0,0.0,0.0,0.0,1.0030841200000002,0.0
2024-05-20,0,0.0,0.00619743249225313,0,85800,0.0,0.0,0.0,0.0,0.0,0.0,0.0,0.0,1.0030841200000002,0.0
2024-05-21,0,0.0,-0.02493438320209973,0,79300,0.0,0.0,0.0,-0.0,-0.0,0.0,-0.0,-0.0,1.0030841200000002,0.0
2024-05-22,0,0.0,0.008984725965857976,0,78600,0.0,0.0,0.0,0.0,0.0,0.0,0.0,0.0,1.0030841200000002,0.0
2024-05-23,0,0.0,-0.018336314847942736,0,77500,0.0,0.0,0.0,-0.0,-0.0,0.0,-0.0,-0.0,1.0030841200000002,0.0
2024-05-24,0,0.0,-0.009506564056134037,0,79100,0.0,0.0,0.0,-0.0,-0.0,0.0,-0.0,-0.0,1.0030841200000002,0.0
2024-05-27,0,0.0,-0.007755474452554867,0,78700,0.0,0.0,0.0,-0.0,-0.0,0.0,-0.0,-0.0,1.0030841200000002,0.0
2024-05-28,0,0.0,-0.017011494252873627,0,88600,0.0,0.0,0.0,-0.0,-0.0,0.0,-0.0,-0.0,1.0030841200000002,0.0
2024-05-29,0,0.0,0.014164305949008638,0,92000,0.0,0.0,0.0,0.0,0.0,0.0,0.0,0.0,1.0030841200000002,0.0
2024-05-30,0,0.0,0.0032588454376163423,0,93600,0.0,0.0,0.0,0.0,0.0,0.0,0.0,0.0,1.0030841200000002,0.0
2024-05-31,0,0.0,0.011019283746556363,0,93600,0.0,0.0,0.0,0.0,0.0,0.0,0.0,0.0,1.0030841200000002,0.0
2024-06-03,0,0.0,0.0027161611588952805,0,94800,0.0,0.0,0.0,0.0,0.0,0.0,0.0,0.0,1.0030841200000002,0.0
2024-06-04,0,0.0,-0.015301530153015275,0,96700,0.0,0.0,0.0,-0.0,-0.0,0.0,-0.0,-0.0,1.0030841200000002,0.0
2024-06-05,0,0.0,0.0031890660592255315,0,96700,0.0,0.0,0.0,0.0,0.0,0.0,0.0,0.0,1.0030841200000002,0.0
2024-06-06,0,0.0,0.0,0,96800,0.0,0.0,0.0,0.0,0.0,0.0,0.0,0.0,1.0030841200000002,0.0
2024-06-07,0,0.0,0.016621743036837167,0,96700,0.0,0.0,0.0,0.0,0.0,0.0,0.0,0.0,1.0030841200000002,0.0
2024-06-10,0,0.0,-0.022241604884430832,0,99800,0.0,0.0,0.0,-0.0,-0.0,0.0,-0.0,-0.0,1.0030841200000002,0.0
2024-06-11,0,0.0,0.0075690115761353205,0,102300,0.0,0.0,0.0,0.0,0.0,0.0,0.0,0.0,1.0030841200000002,0.0
2024-06-12,0,0.0,-0.0030474531998259113,0,102200,0.0,0.0,0.0,-0.0,-0.0,0.0,-0.0,-0.0,1.0030841200000002,0.0
2024-06-13,0,0.0,-0.03275109170305679,0,102100,0.0,0.0,0.0,-0.0,-0.0,0.0,-0.0,-0.0,1.0030841200000002,0.0
2024-06-14,0,0.0,-0.0013544018058689877,0,104300,0.0,0.0,0.0,-0.0,-0.0,0.0,-0.0,-0.0,1.0030841200000002,0.0
2024-06-17,0,0.0,-0.01220614828209765,0,102500,0.0,0.0,0.0,-0.0,-0.0,0.0,-0.0,-0.0,1.0030841200000002,0.0
2024-06-18,0,0.0,0.0031992687385740126,0,103300,0.0,0.0,0.0,0.0,0.0,0.0,0.0,0.0,1.0030841200000002,0.0
2024-06-19,0,0.0,-0.0032080659945005197,0,100800,0.0,0.0,0.0,-0.0,-0.0,0.0,-0.0,-0.0,1.0030841200000002,0.0
2024-06-20,0,0.0,-0.005941499085923119,0,101600,0.0,0.0,0.0,-0.0,-0.0,0.0,-0.0,-0.0,1.0030841200000002,0.0
2024-06-21,0,0.0,-0.017011494252873627,0,97000,0.0,0.0,0.0,-0.0,-0.0,0.0,-0.0,-0.0,1.0030841200000002,0.0
2024-06-24,0,0.0,-0.009744779582366636,0,97200,0.0,0.0,0.0,-0.0,-0.0,0.0,-0.0,-0.0,1.0030841200000002,0.0
2024-06-25,0,0.0,-0.009372071227741308,0,87500,0.0,0.0,0.0,-0.0,-0.0,0.0,-0.0,-0.0,1.0030841200000002,0.0
2024-06-26,0,0.0,0.0,0,83000,0.0,0.0,0.0,0.0,0.0,0.0,0.0,0.0,1.0030841200000002,0.0
2024-06-27,0,0.0,-0.009460737937559083,0,80200,0.0,0.0,0.0,-0.0,-0.0,0.0,-0.0,-0.0,1.0030841200000002,0.0
2024-06-28,0,0.0,0.036948176583493364,0,79400,0.0,0.0,0.0,0.0,0.0,0.0,0.0,0.0,1.0030841200000002,0.0
2024-07-01,0,0.0,0.009717723276261081,0,76400,0.0,0.0,0.0,0.0,0.0,0.0,0.0,0.0,1.0030841200000002,0.0
2024-07-02,0,0.0,0.0,0,74500,0.0,0.0,0.0,0.0,0.0,0.0,0.0,0.0,1.0030841200000002,0.0
2024-07-03,0,0.0,-0.002742230347349106,0,72000,0.0,0.0,0.0,-0.0,-0.0,0.0,-0.0,-0.0,1.0030841200000002,0.0
2024-07-04,0,0.0,0.010983981693363676,0,69500,0.0,0.0,0.0,0.0,0.0,0.0,0.0,0.0,1.0030841200000002,0.0
2024-07-05,0,0.0,-0.00452079566003627,0,70200,0.0,0.0,0.0,-0.0,-0.0,0.0,-0.0,-0.0,1.0030841200000002,0.0
2024-07-08,0,0.0,0.0031789282470482405,0,65400,0.0,0.0,0.0,0.0,0.0,0.0,0.0,0.0,1.0030841200000002,0.0
2024-07-09,0,0.0,-0.009506564056134037,0,62400,0.0,0.0,0.0,-0.0,-0.0,0.0,-0.0,-0.0,1.0030841200000002,0.0
2024-07-10,0,0.0,-0.009111617312072884,0,61200,0.0,0.0,0.0,-0.0,-0.0,0.0,-0.0,-0.0,1.0030841200000002,0.0
2024-07-11,0,0.0,-0.006436781609195474,0,56200,0.0,0.0,0.0,-0.0,-0.0,0.0,-0.0,-0.0,1.0030841200000002,0.0
2024-07-12,0,0.0,0.001385681293302632,0,52900,0.0,0.0,0.0,0.0,0.0,0.0,0.0,0.0,1.0030841200000002,0.0
2024-07-15,0,0.0,0.01058931860036827,0,49900,0.0,0.0,0.0,0.0,0.0,0.0,0.0,0.0,1.0030841200000002,0.0
2024-07-16,0,0.0,0.009053870529651453,0,49300,0.0,0.0,0.0,0.0,0.0,0.0,0.0,0.0,1.0030841200000002,0.0
2024-07-17,0,0.0,0.00444642063139189,0,57300,0.0,0.0,0.0,0.0,0.0,0.0,0.0,0.0,1.0030841200000002,0.0
2024-07-18,0,0.0,0.0044523597506678225,0,57800,0.0,0.0,0.0,0.0,0.0,0.0,0.0,0.0,1.0030841200000002,0.0
2024-07-19,0,0.0,0.013826940231935758,0,60400,0.0,0.0,0.0,0.0,0.0,0.0,0.0,0.0,1.0030841200000002,0.0
2024-07-22,0,0.0,-0.038664323374341114,0,64200,0.0,0.0,0.0,-0.0,-0.0,0.0,-0.0,-0.0,1.0030841200000002,0.0
2024-07-23,0,0.0,-0.004576659038901698,0,66400,0.0,0.0,0.0,-0.0,-0.0,0.0,-0.0,-0.0,1.0030841200000002,0.0
2024-07-24,0,0.0,-0.013882461823230052,0,68200,0.0,0.0,0.0,-0.0,-0.0,0.0,-0.0,-0.0,1.0030841200000002,0.0
2024-07-25,1,1.0,0.015954950727357975,4600,69300,0.9772460558940957,1.9700840244584867,0.004933006017481365,0.015591912670295215,0.01065890665281385,494822.0,1563999.9999999928,1069177.9999999928,1.0137759000000002,0.0
2024-07-26,0,0.0,-0.0018416206261510082,0,68600,0.0,0.0,0.0,-0.0,-0.0,0.0,-0.0,-0.0,1.0137759000000002,0.0
2024-07-29,0,0.0,0.0,0,68200,0.0,0.0,0.0,0.0,0.0,0.0,0.0,0.0,1.0137759000000002,0.0
2024-07-30,0,0.0,0.0,0,67800,0.0,0.0,0.0,0.0,0.0,0.0,0.0,0.0,1.0137759000000002,0.0
2024-07-31,0,0.0,-0.017121702915317005,0,69400,0.0,0.0,0.0,-0.0,-0.0,0.0,-0.0,-0.0,1.0137759000000002,0.0
2024-08-01,0,0.0,0.01621363853123503,0,72600,0.0,0.0,0.0,0.0,0.0,0.0,0.0,0.0,1.0137759000000002,0.0
2024-08-02,0,0.0,-0.024436990896023025,0,75000,0.0,0.0,0.0,-0.0,-0.0,0.0,-0.0,-0.0,1.0137759000000002,0.0
2024-08-05,1,1.0,0.0014563106796114944,4900,78400,0.9956835628071252,1.99281715022028,0.004982767887853715,0.0014500246060296386,-0.0035327432818240763,505140.99999999994,146999.99999998425,-358141.0000000157,1.01019449,-0.00353274328182418
2024-08-06,0,0.0,-0.01449275362318847,0,78400,0.0,0.0,0.0,-0.0,-0.0,0.0,-0.0,-0.0,1.01019449,-0.00353274328182418
2024-08-07,0,0.0,0.0,0,77800,0.0,0.0,0.0,0.0,0.0,0.0,0.0,0.0,1.01019449,-0.00353274328182418
2024-08-08,0,0.0,0.03804878048780491,0,78400,0.0,0.0,0.0,0.0,0.0,0.0,0.0,0.0,1.01019449,-0.00353274328182418
2024-08-09,0,0.0,0.004692632566870136,0,80100,0.0,0.0,0.0,0.0,0.0,0.0,0.0,0.0,1.01019449,-0.00353274328182418
2024-08-12,0,0.0,0.0,0,80400,0.0,0.0,0.0,0.0,0.0,0.0,0.0,0.0,1.01019449,-0.00353274328182418
2024-08-13,0,0.0,-0.001394700139470073,0,79000,0.0,0.0,0.0,-0.0,-0.0,0.0,-0.0,-0.0,1.01019449,-0.00353274328182418
2024-08-14,0,0.0,0.0013966480446927498,0,70000,0.0,0.0,0.0,0.0,0.0,0.0,0.0,0.0,1.01019449,-0.00353274328182418
2024-08-15,0,0.0,0.020455602045560184,0,68100,0.0,0.0,0.0,0.0,0.0,0.0,0.0,0.0,1.01019449,-0.00353274328182418
2024-08-16,0,0.0,0.004555808656036442,0,67000,0.0,0.0,0.0,0.0,0.0,0.0,0.0,0.0,1.01019449,-0.00353274328182418
2024-08-19,0,0.0,0.016780045351473927,0,62000,0.0,0.0,0.0,0.0,0.0,0.0,0.0,0.0,1.01019449,-0.00353274328182418
2024-08-20,0,0.0,0.02849510240427433,0,62500,0.0,0.0,0.0,0.0,0.0,0.0,0.0,0.0,1.01019449,-0.00353274328182418
2024-08-21,0,0.0,0.0073275862068966635,0,71100,0.0,0.0,0.0,0.0,0.0,0.0,0.0,0.0,1.01019449,-0.00353274328182418
2024-08-22,0,0.0,0.015920826161790025,0,73700,0.0,0.0,0.0,0.0,0.0,0.0,0.0,0.0,1.01019449,-0.00353274328182418
2024-08-23,0,0.0,-0.011421319796954266,0,77000,0.0,0.0,0.0,-0.0,-0.0,0.0,-0.0,-0.0,1.01019449,-0.00353274328182418
2024-08-26,0,0.0,0.007274283269148363,0,80300,0.0,0.0,0.0,0.0,0.0,0.0,0.0,0.0,1.01019449,-0.00353274328182418
2024-08-27,0,0.0,0.0,0,84000,0.0,0.0,0.0,0.0,0.0,0.0,0.0,0.0,1.01019449,-0.00353274328182418
2024-08-28,0,0.0,0.0012706480304955914,0,83700,0.0,0.0,0.0,0.0,0.0,0.0,0.0,0.0,1.01019449,-0.00353274328182418
2024-08-29,0,0.0,0.0012690355329949554,0,85500,0.0,0.0,0.0,0.0,0.0,0.0,0.0,0.0,1.01019449,-0.00353274328182418
2024-08-30,0,0.0,0.020111253744116375,0,84400,0.0,0.0,0.0,0.0,0.0,0.0,0.0,0.0,1.01019449,-0.00353274328182418
2024-09-04,0,0.0,-0.005887300252312877,0,84300,0.0,0.0,0.0,-0.0,-0.0,0.0,-0.0,-0.0,1.01019449,-0.00353274328182418
2024-09-05,0,0.0,0.01999149298170977,0,86100,0.0,0.0,0.0,0.0,0.0,0.0,0.0,0.0,1.01019449,-0.00353274328182418
2024-09-06,0,0.0,0.006728343145500526,0,88800,0.0,0.0,0.0,0.0,0.0,0.0,0.0,0.0,1.01019449,-0.00353274328182418
2024-09-09,0,0.0,-0.012547051442910906,0,88900,0.0,0.0,0.0,-0.0,-0.0,0.0,-0.0,-0.0,1.01019449,-0.00353274328182418
2024-09-10,0,0.0,0.0,0,89000,0.0,0.0,0.0,0.0,0.0,0.0,0.0,0.0,1.01019449,-0.00353274328182418
2024-09-11,0,0.0,-0.007139857202855815,0,90200,0.0,0.0,0.0,-0.0,-0.0,0.0,-0.0,-0.0,1.01019449,-0.00353274328182418
2024-09-12,0,0.0,0.002552105487026779,0,90900,0.0,0.0,0.0,0.0,0.0,0.0,0.0,0.0,1.01019449,-0.00353274328182418
2024-09-13,0,0.0,-0.008894536213468918,0,90200,0.0,0.0,0.0,-0.0,-0.0,0.0,-0.0,-0.0,1.01019449,-0.00353274328182418
2024-09-16,0,0.0,0.011568123393316254,0,90900,0.0,0.0,0.0,0.0,0.0,0.0,0.0,0.0,1.01019449,-0.00353274328182418
2024-09-17,0,0.0,0.021177467174925857,0,89600,0.0,0.0,0.0,0.0,0.0,0.0,0.0,0.0,1.01019449,-0.00353274328182418
2024-09-18,0,0.0,0.007039337474120222,0,95400,0.0,0.0,0.0,0.0,0.0,0.0,0.0,0.0,1.01019449,-0.00353274328182418
2024-09-19,0,0.0,-0.001232032854209475,0,93000,0.0,0.0,0.0,-0.0,-0.0,0.0,-0.0,-0.0,1.01019449,-0.00353274328182418
2024-09-20,0,0.0,-0.0012355848434926209,0,85800,0.0,0.0,0.0,-0.0,-0.0,0.0,-0.0,-0.0,1.01019449,-0.00353274328182418
2024-09-23,0,0.0,0.004123711340206171,0,82300,0.0,0.0,0.0,0.0,0.0,0.0,0.0,0.0,1.01019449,-0.00353274328182418
2024-09-24,0,0.0,-0.01338742393509118,0,80100,0.0,0.0,0.0,-0.0,-0.0,0.0,-0.0,-0.0,1.01019449,-0.00353274328182418
2024-09-25,0,0.0,0.011101973684210398,0,80200,0.0,0.0,0.0,0.0,0.0,0.0,0.0,0.0,1.01019449,-0.00353274328182418
2024-09-26,0,0.0,0.015028432168968209,0,85800,0.0,0.0,0.0,0.0,0.0,0.0,0.0,0.0,1.01019449,-0.00353274328182418
2024-09-27,0,0.0,0.0016051364365969878,0,90600,0.0,0.0,0.0,0.0,0.0,0.0,0.0,0.0,1.01019449,-0.00353274328182418
2024-09-30,0,0.0,-0.012419871794871917,0,86800,0.0,0.0,0.0,-0.0,-0.0,0.0,-0.0,-0.0,1.01019449,-0.00353274328182418
2024-10-01,0,0.0,-0.004095004095004184,0,88900,0.0,0.0,0.0,-0.0,-0.0,0.0,-0.0,-0.0,1.01019449,-0.00353274328182418
2024-10-02,0,0.0,0.005345394736842035,0,89300,0.0,0.0,0.0,0.0,0.0,0.0,0.0,0.0,1.01019449,-0.00353274328182418
2024-10-03,0,0.0,-0.015151515151515138,0,89600,0.0,0.0,0.0,-0.0,-0.0,0.0,-0.0,-0.0,1.01019449,-0.00353274328182418
2024-10-04,0,0.0,-0.0028865979381443863,0,89300,0.0,0.0,0.0,-0.0,-0.0,0.0,-0.0,-0.0,1.01019449,-0.00353274328182418
2024-10-07,0,0.0,-0.001240694789081953,0,89300,0.0,0.0,0.0,-0.0,-0.0,0.0,-0.0,-0.0,1.01019449,-0.00353274328182418
2024-10-08,0,0.0,0.008271298593879317,0,88900,0.0,0.0,0.0,0.0,0.0,0.0,0.0,0.0,1.01019449,-0.00353274328182418
2024-10-09,0,0.0,-0.008123476848091005,0,90700,0.0,0.0,0.0,-0.0,-0.0,0.0,-0.0,-0.0,1.01019449,-0.00353274328182418
2024-10-10,0,0.0,0.0,0,91300,0.0,0.0,0.0,0.0,0.0,0.0,0.0,0.0,1.01019449,-0.00353274328182418
2024-10-11,0,0.0,-0.009760065067100365,0,91700,0.0,0.0,0.0,-0.0,-0.0,0.0,-0.0,-0.0,1.01019449,-0.00353274328182418
2024-10-14,0,0.0,-0.002450980392156854,0,90800,0.0,0.0,0.0,-0.0,-0.0,0.0,-0.0,-0.0,1.01019449,-0.00353274328182418
2024-10-15,0,0.0,0.005742411812961423,0,93500,0.0,0.0,0.0,0.0,0.0,0.0,0.0,0.0,1.01019449,-0.00353274328182418
2024-10-16,0,0.0,0.0016227180527383922,0,86600,0.0,0.0,0.0,0.0,0.0,0.0,0.0,0.0,1.01019449,-0.00353274328182418
2024-10-17,0,0.0,-0.01528559935639573,0,86800,0.0,0.0,0.0,-0.0,-0.0,0.0,-0.0,-0.0,1.01019449,-0.00353274328182418
2024-10-18,0,0.0,-0.016406890894175463,0,83700,0.0,0.0,0.0,-0.0,-0.0,0.0,-0.0,-0.0,1.01019449,-0.00353274328182418
2024-10-21,0,0.0,-0.014178482068390341,0,85600,0.0,0.0,0.0,-0.0,-0.0,0.0,-0.0,-0.0,1.01019449,-0.00353274328182418
2024-10-22,0,0.0,0.0012690355329949554,0,87600,0.0,0.0,0.0,0.0,0.0,0.0,0.0,0.0,1.01019449,-0.00353274328182418
2024-10-23,0,0.0,-0.004230118443316444,0,85000,0.0,0.0,0.0,-0.0,-0.0,0.0,-0.0,-0.0,1.01019449,-0.00353274328182418
2024-10-24,0,0.0,-0.004260758414997734,0,76800,0.0,0.0,0.0,-0.0,-0.0,0.0,-0.0,-0.0,1.01019449,-0.00353274328182418
2024-10-25,0,0.0,0.0017094017094019254,0,71200,0.0,0.0,0.0,0.0,0.0,0.0,0.0,0.0,1.01019449,-0.00353274328182418
2024-10-28,0,0.0,0.007252559726962371,0,69900,0.0,0.0,0.0,0.0,0.0,0.0,0.0,0.0,1.01019449,-0.00353274328182418
2024-10-29,0,0.0,-0.004242681374628798,0,65200,0.0,0.0,0.0,-0.0,-0.0,0.0,-0.0,-0.0,1.01019449,-0.00353274328182418
2024-10-30,0,0.0,0.02291047942299529,0,60900,0.0,0.0,0.0,0.0,0.0,0.0,0.0,0.0,1.01019449,-0.00353274328182418
2024-10-31,0,0.0,0.0016659725114536172,0,60500,0.0,0.0,0.0,0.0,0.0,0.0,0.0,0.0,1.01019449,-0.00353274328182418
2024-11-01,0,0.0,0.004164931278633821,0,60200,0.0,0.0,0.0,0.0,0.0,0.0,0.0,0.0,1.01019449,-0.00353274328182418
2024-11-04,0,0.0,-0.012927439532944063,0,60200,0.0,0.0,0.0,-0.0,-0.0,0.0,-0.0,-0.0,1.01019449,-0.00353274328182418
2024-11-05,0,0.0,0.019764507989907365,0,58900,0.0,0.0,0.0,0.0,0.0,0.0,0.0,0.0,1.01019449,-0.00353274328182418
2024-11-06,0,0.0,-0.008247422680412342,0,56100,0.0,0.0,0.0,-0.0,-0.0,0.0,-0.0,-0.0,1.01019449,-0.00353274328182418
2024-11-07,0,0.0,-0.01949398589796758,0,54900,0.0,0.0,0.0,-0.0,-0.0,0.0,-0.0,-0.0,1.01019449,-0.00353274328182418
2024-11-08,0,0.0,-0.0012690355329949554,0,55300,0.0,0.0,0.0,-0.0,-0.0,0.0,-0.0,-0.0,1.01019449,-0.00353274328182418
2024-11-11,0,0.0,-0.008932369204593837,0,61400,0.0,0.0,0.0,-0.0,-0.0,0.0,-0.0,-0.0,1.01019449,-0.00353274328182418
2024-11-12,0,0.0,-0.003008165019338205,0,57800,0.0,0.0,0.0,-0.0,-0.0,0.0,-0.0,-0.0,1.01019449,-0.00353274328182418
2024-11-13,0,0.0,-0.02071644367716874,0,58000,0.0,0.0,0.0,-0.0,-0.0,0.0,-0.0,-0.0,1.01019449,-0.00353274328182418
2024-11-14,0,0.0,-0.014543851917144246,0,57600,0.0,0.0,0.0,-0.0,-0.0,0.0,-0.0,-0.0,1.01019449,-0.00353274328182418
2024-11-15,0,0.0,0.005813953488372103,0,58200,0.0,0.0,0.0,0.0,0.0,0.0,0.0,0.0,1.01019449,-0.00353274328182418
2024-11-18,0,0.0,-0.00441891294741481,0,56100,0.0,0.0,0.0,-0.0,-0.0,0.0,-0.0,-0.0,1.01019449,-0.00353274328182418
2024-11-19,0,0.0,0.029121863799283165,0,54000,0.0,0.0,0.0,0.0,0.0,0.0,0.0,0.0,1.01019449,-0.00353274328182418
2024-11-20,0,0.0,0.029168480626904802,0,55000,0.0,0.0,0.0,0.0,0.0,0.0,0.0,0.0,1.01019449,-0.00353274328182418
2024-11-21,0,0.0,0.002969876962240159,0,55700,0.0,0.0,0.0,0.0,0.0,0.0,0.0,0.0,1.01019449,-0.00353274328182418
2024-11-22,0,0.0,0.004235493434985305,0,56600,0.0,0.0,0.0,0.0,0.0,0.0,0.0,0.0,1.01019449,-0.00353274328182418
2024-11-25,0,0.0,0.008460236886632888,0,57300,0.0,0.0,0.0,0.0,0.0,0.0,0.0,0.0,1.01019449,-0.00353274328182418
2024-11-26,0,0.0,0.001265288907633888,0,58200,0.0,0.0,0.0,0.0,0.0,0.0,0.0,0.0,1.01019449,-0.00353274328182418
2024-11-27,0,0.0,0.002936241610738355,0,58200,0.0,0.0,0.0,0.0,0.0,0.0,0.0,0.0,1.01019449,-0.00353274328182418
2024-11-28,0,0.0,0.007089241034195171,0,55700,0.0,0.0,0.0,0.0,0.0,0.0,0.0,0.0,1.01019449,-0.00353274328182418
2024-11-29,0,0.0,-0.0016494845360824906,0,54300,0.0,0.0,0.0,-0.0,-0.0,0.0,-0.0,-0.0,1.01019449,-0.00353274328182418
2024-12-02,0,0.0,-0.0012355848434926209,0,53900,0.0,0.0,0.0,-0.0,-0.0,0.0,-0.0,-0.0,1.01019449,-0.00353274328182418
2024-12-03,0,0.0,-0.008731808731808788,0,54400,0.0,0.0,0.0,-0.0,-0.0,0.0,-0.0,-0.0,1.01019449,-0.00353274328182418
2024-12-04,0,0.0,0.03145973154362425,0,54700,0.0,0.0,0.0,0.0,0.0,0.0,0.0,0.0,1.01019449,-0.00353274328182418
2024-12-05,0,0.0,-0.006896551724137834,0,58000,0.0,0.0,0.0,-0.0,-0.0,0.0,-0.0,-0.0,1.01019449,-0.00353274328182418
2024-12-06,0,0.0,0.008190008190008147,0,58400,0.0,0.0,0.0,0.0,0.0,0.0,0.0,0.0,1.01019449,-0.00353274328182418
2024-12-09,0,0.0,-0.0028432168968318683,0,52400,0.0,0.0,0.0,-0.0,-0.0,0.0,-0.0,-0.0,1.01019449,-0.00353274328182418
2024-12-10,0,0.0,0.0012234910277324484,0,52400,0.0,0.0,0.0,0.0,0.0,0.0,0.0,0.0,1.01019449,-0.00353274328182418
2024-12-11,0,0.0,-0.002846685644571023,0,52500,0.0,0.0,0.0,-0.0,-0.0,0.0,-0.0,-0.0,1.01019449,-0.00353274328182418
2024-12-12,0,0.0,0.005323505323505229,0,52300,0.0,0.0,0.0,0.0,0.0,0.0,0.0,0.0,1.01019449,-0.00353274328182418
2024-12-13,0,0.0,-0.0028513238289206155,0,50300,0.0,0.0,0.0,-0.0,-0.0,0.0,-0.0,-0.0,1.01019449,-0.00353274328182418
2024-12-16,0,0.0,0.0,0,49600,0.0,0.0,0.0,0.0,0.0,0.0,0.0,0.0,1.01019449,-0.00353274328182418
2024-12-17,0,0.0,0.0012269938650306678,0,48700,0.0,0.0,0.0,0.0,0.0,0.0,0.0,0.0,1.01019449,-0.00353274328182418
2024-12-18,0,0.0,0.009913258983890838,0,46900,0.0,0.0,0.0,0.0,0.0,0.0,0.0,0.0,1.01019449,-0.00353274328182418
2024-12-19,0,0.0,0.004111842105263275,0,46200,0.0,0.0,0.0,0.0,0.0,0.0,0.0,0.0,1.01019449,-0.00353274328182418
2024-12-20,0,0.0,0.0012269938650306678,0,44800,0.0,0.0,0.0,0.0,0.0,0.0,0.0,0.0,1.01019449,-0.00353274328182418
2024-12-23,0,0.0,0.0028712059064808226,0,44500,0.0,0.0,0.0,0.0,0.0,0.0,0.0,0.0,1.01019449,-0.00353274328182418
2024-12-24,0,0.0,0.05521472392638049,0,43600,0.0,0.0,0.0,0.0,0.0,0.0,0.0,0.0,1.01019449,-0.00353274328182418
2024-12-25,0,0.0,-0.005397070161912154,0,54800,0.0,0.0,0.0,-0.0,-0.0,0.0,-0.0,-0.0,1.01019449,-0.00353274328182418
2024-12-26,0,0.0,0.0119691119691121,0,55600,0.0,0.0,0.0,0.0,0.0,0.0,0.0,0.0,1.01019449,-0.00353274328182418
2024-12-27,0,0.0,0.010384615384615437,0,57800,0.0,0.0,0.0,0.0,0.0,0.0,0.0,0.0,1.01019449,-0.00353274328182418
2024-12-30,0,0.0,-0.020713463751438455,0,59200,0.0,0.0,0.0,-0.0,-0.0,0.0,-0.0,-0.0,1.01019449,-0.00353274328182418
2024-12-31,0,0.0,0.002337358784573418,0,59300,0.0,0.0,0.0,0.0,0.0,0.0,0.0,0.0,1.01019449,-0.00353274328182418
2025-01-02,0,0.0,-0.015667841754798406,0,60100,0.0,0.0,0.0,-0.0,-0.0,0.0,-0.0,-0.0,1.01019449,-0.00353274328182418
2025-01-03,0,0.0,-0.0011923688394277487,0,60000,0.0,0.0,0.0,-0.0,-0.0,0.0,-0.0,-0.0,1.01019449,-0.00353274328182418
2025-01-06,0,0.0,-0.0011843663639952151,0,60200,0.0,0.0,0.0,-0.0,-0.0,0.0,-0.0,-0.0,1.01019449,-0.00353274328182418
2025-01-07,0,0.0,0.010688836104512989,0,61200,0.0,0.0,0.0,0.0,0.0,0.0,0.0,0.0,1.01019449,-0.00353274328182418
2025-01-08,0,0.0,-0.010575793184488869,0,61300,0.0,0.0,0.0,-0.0,-0.0,0.0,-0.0,-0.0,1.01019449,-0.00353274328182418
2025-01-09,0,0.0,0.0027711797307996555,0,61200,0.0,0.0,0.0,0.0,0.0,0.0,0.0,0.0,1.01019449,-0.00353274328182418
2025-01-10,0,0.0,0.013131715081575956,0,62400,0.0,0.0,0.0,0.0,0.0,0.0,0.0,0.0,1.01019449,-0.00353274328182418
2025-01-13,0,0.0,-0.013438735177865646,0,65000,0.0,0.0,0.0,-0.0,-0.0,0.0,-0.0,-0.0,1.01019449,-0.00353274328182418
2025-01-14,0,0.0,-0.006802721088435271,0,65400,0.0,0.0,0.0,-0.0,-0.0,0.0,-0.0,-0.0,1.01019449,-0.00353274328182418
2025-01-15,0,0.0,-0.0012053033346726139,0,66200,0.0,0.0,0.0,-0.0,-0.0,0.0,-0.0,-0.0,1.01019449,-0.00353274328182418
2025-01-16,0,0.0,0.010860820595333776,0,68100,0.0,0.0,0.0,0.0,0.0,0.0,0.0,0.0,1.01019449,-0.00353274328182418
2025-01-17,0,0.0,0.0011923688394277487,0,66900,0.0,0.0,0.0,0.0,0.0,0.0,0.0,0.0,1.01019449,-0.00353274328182418
2025-01-20,0,0.0,-0.004347826086956497,0,67400,0.0,0.0,0.0,-0.0,-0.0,0.0,-0.0,-0.0,1.01019449,-0.00353274328182418
2025-01-21,0,0.0,-0.008267716535433012,0,68600,0.0,0.0,0.0,-0.0,-0.0,0.0,-0.0,-0.0,1.01019449,-0.00353274328182418
2025-01-22,0,0.0,0.018606492478226322,0,69400,0.0,0.0,0.0,0.0,0.0,0.0,0.0,0.0,1.01019449,-0.00353274328182418
2025-01-23,0,0.0,-0.0023319082782743417,0,60600,0.0,0.0,0.0,-0.0,-0.0,0.0,-0.0,-0.0,1.01019449,-0.00353274328182418
2025-01-24,0,0.0,-0.005417956656346812,0,60700,0.0,0.0,0.0,-0.0,-0.0,0.0,-0.0,-0.0,1.01019449,-0.00353274328182418
2025-02-03,0,0.0,0.029798761609907132,0,60100,0.0,0.0,0.0,0.0,0.0,0.0,0.0,0.0,1.01019449,-0.00353274328182418
2025-02-04,0,0.0,-0.007468259895444418,0,63800,0.0,0.0,0.0,-0.0,-0.0,0.0,-0.0,-0.0,1.01019449,-0.00353274328182418
2025-02-05,0,0.0,0.002630590003757982,0,64400,0.0,0.0,0.0,0.0,0.0,0.0,0.0,0.0,1.01019449,-0.00353274328182418
2025-02-06,0,0.0,0.032983508245876925,0,64800,0.0,0.0,0.0,0.0,0.0,0.0,0.0,0.0,1.01019449,-0.00353274328182418
2025-02-07,0,0.0,-0.012336719883889735,0,67100,0.0,0.0,0.0,-0.0,-0.0,0.0,-0.0,-0.0,1.01019449,-0.00353274328182418
2025-02-10,0,0.0,0.008807339449541152,0,68900,0.0,0.0,0.0,0.0,0.0,0.0,0.0,0.0,1.01019449,-0.00353274328182418
2025-02-11,0,0.0,-0.004728992360858442,0,69500,0.0,0.0,0.0,-0.0,-0.0,0.0,-0.0,-0.0,1.01019449,-0.00353274328182418
2025-02-12,0,0.0,0.013592946362968483,0,70100,0.0,0.0,0.0,0.0,0.0,0.0,0.0,0.0,1.01019449,-0.00353274328182418
2025-02-13,0,0.0,-0.010834236186348933,0,71600,0.0,0.0,0.0,-0.0,-0.0,0.0,-0.0,-0.0,1.01019449,-0.00353274328182418
2025-02-14,0,0.0,-0.00877192982456132,0,70600,0.0,0.0,0.0,-0.0,-0.0,0.0,-0.0,-0.0,1.01019449,-0.00353274328182418
2025-02-17,0,0.0,0.0036873156342183133,0,68900,0.0,0.0,0.0,0.0,0.0,0.0,0.0,0.0,1.01019449,-0.00353274328182418
2025-02-18,0,0.0,-0.0010952902519167917,0,70300,0.0,0.0,0.0,-0.0,-0.0,0.0,-0.0,-0.0,1.01019449,-0.00353274328182418
2025-02-19,0,0.0,-0.005048683736025961,0,70900,0.0,0.0,0.0,-0.0,-0.0,0.0,-0.0,-0.0,1.01019449,-0.00353274328182418
2025-02-20,0,0.0,0.01594780717651334,0,70200,0.0,0.0,0.0,0.0,0.0,0.0,0.0,0.0,1.01019449,-0.00353274328182418
2025-02-21,0,0.0,0.009632536567962813,0,72100,0.0,0.0,0.0,0.0,0.0,0.0,0.0,0.0,1.01019449,-0.00353274328182418
2025-02-24,0,0.0,-0.002117896223085003,0,73200,0.0,0.0,0.0,-0.0,-0.0,0.0,-0.0,-0.0,1.01019449,-0.00353274328182418
2025-02-25,0,0.0,-0.01062699256110522,0,73400,0.0,0.0,0.0,-0.0,-0.0,0.0,-0.0,-0.0,1.01019449,-0.00353274328182418
2025-02-26,0,0.0,0.006101938262742301,0,75800,0.0,0.0,0.0,0.0,0.0,0.0,0.0,0.0,1.01019449,-0.00353274328182418
2025-02-27,0,0.0,0.00465949820788536,0,75100,0.0,0.0,0.0,0.0,0.0,0.0,0.0,0.0,1.01019449,-0.00353274328182418
2025-02-28,0,0.0,0.0010779734099892746,0,75300,0.0,0.0,0.0,0.0,0.0,0.0,0.0,0.0,1.01019449,-0.00353274328182418
2025-03-03,0,0.0,0.014806789454676839,0,75000,0.0,0.0,0.0,0.0,0.0,0.0,0.0,0.0,1.01019449,-0.00353274328182418
2025-03-04,0,0.0,-0.009608540925266973,0,71400,0.0,0.0,0.0,-0.0,-0.0,0.0,-0.0,-0.0,1.01019449,-0.00353274328182418
2025-03-05,0,0.0,0.006080114449213081,0,72000,0.0,0.0,0.0,0.0,0.0,0.0,0.0,0.0,1.01019449,-0.00353274328182418
2025-03-06,0,0.0,0.016684416045438466,0,71600,0.0,0.0,0.0,0.0,0.0,0.0,0.0,0.0,1.01019449,-0.00353274328182418
2025-03-07,0,0.0,-0.005894590846047043,0,69500,0.0,0.0,0.0,-0.0,-0.0,0.0,-0.0,-0.0,1.01019449,-0.00353274328182418
2025-03-10,0,0.0,0.014099400775466897,0,69300,0.0,0.0,0.0,0.0,0.0,0.0,0.0,0.0,1.01019449,-0.00353274328182418
2025-03-11,0,0.0,-0.003459010722933309,0,69000,0.0,0.0,0.0,-0.0,-0.0,0.0,-0.0,-0.0,1.01019449,-0.00353274328182418
2025-03-12,0,0.0,-0.009361997226074892,0,71200,0.0,0.0,0.0,-0.0,-0.0,0.0,-0.0,-0.0,1.01019449,-0.00353274328182418
2025-03-13,0,0.0,0.005985915492957794,0,71700,0.0,0.0,0.0,0.0,0.0,0.0,0.0,0.0,1.01019449,-0.00353274328182418
2025-03-14,0,0.0,0.007000350017500878,0,72900,0.0,0.0,0.0,0.0,0.0,0.0,0.0,0.0,1.01019449,-0.00353274328182418
2025-03-17,0,0.0,-0.02104899930986881,0,71600,0.0,0.0,0.0,-0.0,-0.0,0.0,-0.0,-0.0,1.01019449,-0.00353274328182418
2025-03-18,0,0.0,-0.008480565371024817,0,71000,0.0,0.0,0.0,-0.0,-0.0,0.0,-0.0,-0.0,1.01019449,-0.00353274328182418
2025-03-19,0,0.0,0.0014255167498218313,0,72300,0.0,0.0,0.0,0.0,0.0,0.0,0.0,0.0,1.01019449,-0.00353274328182418
2025-03-20,0,0.0,0.001067615658362886,0,74100,0.0,0.0,0.0,0.0,0.0,0.0,0.0,0.0,1.01019449,-0.00353274328182418
2025-03-21,0,0.0,0.00965665236051505,0,73900,0.0,0.0,0.0,0.0,0.0,0.0,0.0,0.0,1.01019449,-0.00353274328182418
2025-03-24,0,0.0,0.008471584892340456,0,74000,0.0,0.0,0.0,0.0,0.0,0.0,0.0,0.0,1.01019449,-0.00353274328182418
2025-03-25,0,0.0,-0.01191310441485638,0,73600,0.0,0.0,0.0,-0.0,-0.0,0.0,-0.0,-0.0,1.01019449,-0.00353274328182418
2025-03-26,0,0.0,0.005007153075822668,0,71600,0.0,0.0,0.0,0.0,0.0,0.0,0.0,0.0,1.01019449,-0.00353274328182418
2025-03-27,0,0.0,-0.0035676061362825973,0,70300,0.0,0.0,0.0,-0.0,-0.0,0.0,-0.0,-0.0,1.01019449,-0.00353274328182418
2025-03-28,0,0.0,0.006108515989939001,0,69600,0.0,0.0,0.0,0.0,0.0,0.0,0.0,0.0,1.01019449,-0.00353274328182418
2025-03-31,0,0.0,0.004976892996800597,0,68100,0.0,0.0,0.0,0.0,0.0,0.0,0.0,0.0,1.01019449,-0.00353274328182418
2025-04-01,0,0.0,0.0,0,66700,0.0,0.0,0.0,0.0,0.0,0.0,0.0,0.0,1.01019449,-0.00353274328182418
2025-04-02,0,0.0,-0.04037831938886871,0,65600,0.0,0.0,0.0,-0.0,-0.0,0.0,-0.0,-0.0,1.01019449,-0.00353274328182418
2025-04-03,1,1.0,0.06476578411405298,4100,72700,0.996392288775996,2.0573167054197654,0.0051755578274833,0.06453212786777329,0.05935657004028999,522832.0,6519000.000000003,5996168.000000003,1.07015617,0.0
2025-04-04,0,0.0,-0.0024610336341263084,0,76100,0.0,0.0,0.0,-0.0,-0.0,0.0,-0.0,-0.0,1.07015617,0.0
2025-04-08,1,1.0,0.0,4600,80900,0.9813334066933427,1.9626668133866854,0.004906667033466714,0.0,-0.004906667033466714,525090.0,0.0,-525090.0,1.06490527,-0.004906667033466761
2025-04-09,1,1.0,0.0,4300,86200,0.9860595393616561,1.9721190787233123,0.0049302976968082805,0.0,-0.0049302976968082805,525030.0,0.0,-525030.0,1.05965497,-0.009812773401100872
2025-04-10,0,0.0,0.03801520608243303,0,83000,0.0,0.0,0.0,0.0,0.0,0.0,0.0,0.0,1.05965497,-0.009812773401100872
2025-04-11,0,0.0,-0.007671653241273502,0,89100,0.0,0.0,0.0,-0.0,-0.0,0.0,-0.0,-0.0,1.05965497,-0.009812773401100872
2025-04-14,0,0.0,-0.001175088131609936,0,90100,0.0,0.0,0.0,-0.0,-0.0,0.0,-0.0,-0.0,1.05965497,-0.009812773401100872
2025-04-15,0,0.0,-0.014509803921568643,0,93500,0.0,0.0,0.0,-0.0,-0.0,0.0,-0.0,-0.0,1.05965497,-0.009812773401100872
2025-04-16,0,0.0,0.006802721088435382,0,94100,0.0,0.0,0.0,0.0,0.0,0.0,0.0,0.0,1.05965497,-0.009812773401100872
2025-04-17,0,0.0,-0.010559249120062564,0,94100,0.0,0.0,0.0,-0.0,-0.0,0.0,-0.0,-0.0,1.05965497,-0.009812773401100872
2025-04-18,0,0.0,-0.007886435331230235,0,94000,0.0,0.0,0.0,-0.0,-0.0,0.0,-0.0,-0.0,1.05965497,-0.009812773401100872
2025-04-21,0,0.0,0.00561797752808979,0,95300,0.0,0.0,0.0,0.0,0.0,0.0,0.0,0.0,1.05965497,-0.009812773401100872
2025-04-22,0,0.0,-0.0027711797307996555,0,99400,0.0,0.0,0.0,-0.0,-0.0,0.0,-0.0,-0.0,1.05965497,-0.009812773401100872
2025-04-23,0,0.0,-0.0015810276679841806,0,100200,0.0,0.0,0.0,-0.0,-0.0,0.0,-0.0,-0.0,1.05965497,-0.009812773401100872
2025-04-24,0,0.0,-0.001591723040190951,0,100900,0.0,0.0,0.0,-0.0,-0.0,0.0,-0.0,-0.0,1.05965497,-0.009812773401100872
2025-04-25,0,0.0,-0.010731319554848961,0,102400,0.0,0.0,0.0,-0.0,-0.0,0.0,-0.0,-0.0,1.05965497,-0.009812773401100872
2025-04-28,0,0.0,0.012489927477840501,0,102900,0.0,0.0,0.0,0.0,0.0,0.0,0.0,0.0,1.05965497,-0.009812773401100872
2025-04-29,0,0.0,0.0015879317189360087,0,103000,0.0,0.0,0.0,0.0,0.0,0.0,0.0,0.0,1.05965497,-0.009812773401100872
2025-05-05,0,0.0,0.006738010305192166,0,102500,0.0,0.0,0.0,0.0,0.0,0.0,0.0,0.0,1.05965497,-0.009812773401100872
2025-05-06,0,0.0,-0.0011843663639952151,0,103300,0.0,0.0,0.0,-0.0,-0.0,0.0,-0.0,-0.0,1.05965497,-0.009812773401100872
2025-05-07,0,0.0,0.003958828186856556,0,96500,0.0,0.0,0.0,0.0,0.0,0.0,0.0,0.0,1.05965497,-0.009812773401100872
2025-05-08,0,0.0,-0.0051120723554856085,0,91600,0.0,0.0,0.0,-0.0,-0.0,0.0,-0.0,-0.0,1.05965497,-0.009812773401100872
2025-05-09,0,0.0,0.009474930911962165,0,85400,0.0,0.0,0.0,0.0,0.0,0.0,0.0,0.0,1.05965497,-0.009812773401100872
2025-05-12,0,0.0,0.03420132141469101,0,81100,0.0,0.0,0.0,0.0,0.0,0.0,0.0,0.0,1.05965497,-0.009812773401100872
2025-05-13,0,0.0,0.0037523452157599557,0,87500,0.0,0.0,0.0,0.0,0.0,0.0,0.0,0.0,1.05965497,-0.009812773401100872
2025-05-14,0,0.0,0.0037383177570093906,0,82000,0.0,0.0,0.0,0.0,0.0,0.0,0.0,0.0,1.05965497,-0.009812773401100872
2025-05-15,0,0.0,-0.0200892857142857,0,82100,0.0,0.0,0.0,-0.0,-0.0,0.0,-0.0,-0.0,1.05965497,-0.009812773401100872
2025-05-16,0,0.0,0.009170806266717513,0,80200,0.0,0.0,0.0,0.0,0.0,0.0,0.0,0.0,1.05965497,-0.009812773401100872
2025-05-19,0,0.0,0.020657995409334218,0,80500,0.0,0.0,0.0,0.0,0.0,0.0,0.0,0.0,1.05965497,-0.009812773401100872
2025-05-20,0,0.0,0.0041446872645063415,0,79500,0.0,0.0,0.0,0.0,0.0,0.0,0.0,0.0,1.05965497,-0.009812773401100872
2025-05-21,0,0.0,-0.012791572610985735,0,79500,0.0,0.0,0.0,-0.0,-0.0,0.0,-0.0,-0.0,1.05965497,-0.009812773401100872
2025-05-22,0,0.0,-0.0011432926829267887,0,78100,0.0,0.0,0.0,-0.0,-0.0,0.0,-0.0,-0.0,1.05965497,-0.009812773401100872
2025-05-23,0,0.0,0.012991975544516698,0,72700,0.0,0.0,0.0,0.0,0.0,0.0,0.0,0.0,1.05965497,-0.009812773401100872
2025-05-26,0,0.0,0.009053187476423918,0,72800,0.0,0.0,0.0,0.0,0.0,0.0,0.0,0.0,1.05965497,-0.009812773401100872
2025-05-27,0,0.0,-0.00410141685309473,0,73300,0.0,0.0,0.0,-0.0,-0.0,0.0,-0.0,-0.0,1.05965497,-0.009812773401100872
2025-05-28,0,0.0,-0.014258911819887365,0,72900,0.0,0.0,0.0,-0.0,-0.0,0.0,-0.0,-0.0,1.05965497,-0.009812773401100872
2025-05-29,0,0.0,-0.02155824508320725,0,74100,0.0,0.0,0.0,-0.0,-0.0,0.0,-0.0,-0.0,1.05965497,-0.009812773401100872
2025-05-30,0,0.0,0.0038699690402477227,0,75400,0.0,0.0,0.0,0.0,0.0,0.0,0.0,0.0,1.05965497,-0.009812773401100872
2025-06-02,0,0.0,-0.002680965147453085,0,75800,0.0,0.0,0.0,-0.0,-0.0,0.0,-0.0,-0.0,1.05965497,-0.009812773401100872
2025-06-03,0,0.0,-0.005355776587605221,0,74400,0.0,0.0,0.0,-0.0,-0.0,0.0,-0.0,-0.0,1.05965497,-0.009812773401100872
2025-06-04,0,0.0,0.0015384615384614886,0,73400,0.0,0.0,0.0,0.0,0.0,0.0,0.0,0.0,1.05965497,-0.009812773401100872
2025-06-05,0,0.0,-0.006546014632267894,0,71600,0.0,0.0,0.0,-0.0,-0.0,0.0,-0.0,-0.0,1.05965497,-0.009812773401100872
2025-06-06,0,0.0,-0.005038759689922401,0,70200,0.0,0.0,0.0,-0.0,-0.0,0.0,-0.0,-0.0,1.05965497,-0.009812773401100872
2025-06-09,0,0.0,-0.0038955979742890667,0,67300,0.0,0.0,0.0,-0.0,-0.0,0.0,-0.0,-0.0,1.05965497,-0.009812773401100872
2025-06-10,0,0.0,0.0,0,61700,0.0,0.0,0.0,0.0,0.0,0.0,0.0,0.0,1.05965497,-0.009812773401100872
2025-06-11,0,0.0,0.011673151750972721,0,60100,0.0,0.0,0.0,0.0,0.0,0.0,0.0,0.0,1.05965497,-0.009812773401100872
2025-06-12,0,0.0,0.03893600616808013,0,59300,0.0,0.0,0.0,0.0,0.0,0.0,0.0,0.0,1.05965497,-0.009812773401100872
2025-06-13,0,0.0,0.008895478131949464,0,67900,0.0,0.0,0.0,0.0,0.0,0.0,0.0,0.0,1.05965497,-0.009812773401100872
2025-06-16,0,0.0,-0.0025622254758418395,0,67400,0.0,0.0,0.0,-0.0,-0.0,0.0,-0.0,-0.0,1.05965497,-0.009812773401100872
2025-06-17,0,0.0,-0.001104972375690516,0,68000,0.0,0.0,0.0,-0.0,-0.0,0.0,-0.0,-0.0,1.05965497,-0.009812773401100872
2025-06-18,0,0.0,0.012523020257826811,0,66500,0.0,0.0,0.0,0.0,0.0,0.0,0.0,0.0,1.05965497,-0.009812773401100872
2025-06-19,0,0.0,0.012336719883889735,0,68000,0.0,0.0,0.0,0.0,0.0,0.0,0.0,0.0,1.05965497,-0.009812773401100872
2025-06-20,0,0.0,0.009761388286334105,0,72000,0.0,0.0,0.0,0.0,0.0,0.0,0.0,0.0,1.05965497,-0.009812773401100872
2025-06-23,0,0.0,0.0,0,71000,0.0,0.0,0.0,0.0,0.0,0.0,0.0,0.0,1.05965497,-0.009812773401100872
2025-06-24,0,0.0,0.0,0,72000,0.0,0.0,0.0,0.0,0.0,0.0,0.0,0.0,1.05965497,-0.009812773401100872
2025-06-25,0,0.0,0.0024796315975912364,0,73500,0.0,0.0,0.0,0.0,0.0,0.0,0.0,0.0,1.05965497,-0.009812773401100872
2025-06-26,0,0.0,-0.0014099400775468007,0,72800,0.0,0.0,0.0,-0.0,-0.0,0.0,-0.0,-0.0,1.05965497,-0.009812773401100872
2025-06-27,0,0.0,-0.002467395135706707,0,71900,0.0,0.0,0.0,-0.0,-0.0,0.0,-0.0,-0.0,1.05965497,-0.009812773401100872
2025-06-30,0,0.0,0.004614838480653249,0,72700,0.0,0.0,0.0,0.0,0.0,0.0,0.0,0.0,1.05965497,-0.009812773401100872
2025-07-01,0,0.0,0.0010611956137247525,0,72600,0.0,0.0,0.0,0.0,0.0,0.0,0.0,0.0,1.05965497,-0.009812773401100872
2025-07-02,0,0.0,0.015564202334630295,0,72600,0.0,0.0,0.0,0.0,0.0,0.0,0.0,0.0,1.05965497,-0.009812773401100872
2025-07-03,0,0.0,0.0,0,75600,0.0,0.0,0.0,0.0,0.0,0.0,0.0,0.0,1.05965497,-0.009812773401100872
2025-07-04,0,0.0,0.03271349862258943,0,76100,0.0,0.0,0.0,0.0,0.0,0.0,0.0,0.0,1.05965497,-0.009812773401100872
2025-07-07,0,0.0,-0.0023286759813706537,0,80200,0.0,0.0,0.0,-0.0,-0.0,0.0,-0.0,-0.0,1.05965497,-0.009812773401100872
2025-07-08,0,0.0,0.013337779259753324,0,79900,0.0,0.0,0.0,0.0,0.0,0.0,0.0,0.0,1.05965497,-0.009812773401100872
2025-07-09,0,0.0,0.001978239366963397,0,80700,0.0,0.0,0.0,0.0,0.0,0.0,0.0,0.0,1.05965497,-0.009812773401100872
2025-07-10,0,0.0,-0.007905138339920903,0,79900,0.0,0.0,0.0,-0.0,-0.0,0.0,-0.0,-0.0,1.05965497,-0.009812773401100872
2025-07-11,0,0.0,-0.004657351962741085,0,70800,0.0,0.0,0.0,-0.0,-0.0,0.0,-0.0,-0.0,1.05965497,-0.009812773401100872
2025-07-14,0,0.0,-0.0033422459893048817,0,73800,0.0,0.0,0.0,-0.0,-0.0,0.0,-0.0,-0.0,1.05965497,-0.009812773401100872
2025-07-15,0,0.0,0.01810865191146882,0,73400,0.0,0.0,0.0,0.0,0.0,0.0,0.0,0.0,1.05965497,-0.009812773401100872
2025-07-16,0,0.0,0.001978239366963397,0,73500,0.0,0.0,0.0,0.0,0.0,0.0,0.0,0.0,1.05965497,-0.009812773401100872
2025-07-17,0,0.0,0.0013162224415925738,0,72200,0.0,0.0,0.0,0.0,0.0,0.0,0.0,0.0,1.05965497,-0.009812773401100872
2025-07-18,0,0.0,-0.008766233766233755,0,70100,0.0,0.0,0.0,-0.0,-0.0,0.0,-0.0,-0.0,1.05965497,-0.009812773401100872
2025-07-21,0,0.0,0.008843760235833553,0,71000,0.0,0.0,0.0,0.0,0.0,0.0,0.0,0.0,1.05965497,-0.009812773401100872
2025-07-22,0,0.0,-0.0012957563977973319,0,68500,0.0,0.0,0.0,-0.0,-0.0,0.0,-0.0,-0.0,1.05965497,-0.009812773401100872
2025-07-23,0,0.0,0.0012974375608174604,0,67300,0.0,0.0,0.0,0.0,0.0,0.0,0.0,0.0,1.05965497,-0.009812773401100872
2025-07-24,0,0.0,-0.004524886877828038,0,66900,0.0,0.0,0.0,-0.0,-0.0,0.0,-0.0,-0.0,1.05965497,-0.009812773401100872
2025-07-25,0,0.0,0.002277904328018332,0,66700,0.0,0.0,0.0,0.0,0.0,0.0,0.0,0.0,1.05965497,-0.009812773401100872
2025-07-28,0,0.0,-0.04395604395604402,0,69000,0.0,0.0,0.0,-0.0,-0.0,0.0,-0.0,-0.0,1.05965497,-0.009812773401100872
2025-07-29,0,0.0,0.05013458950201888,0,74300,0.0,0.0,0.0,0.0,0.0,0.0,0.0,0.0,1.05965497,-0.009812773401100872
2025-07-30,0,0.0,-0.03366583541147128,0,83400,0.0,0.0,0.0,-0.0,-0.0,0.0,-0.0,-0.0,1.05965497,-0.009812773401100872
2025-07-31,0,0.0,-0.03701319600901187,0,88000,0.0,0.0,0.0,-0.0,-0.0,0.0,-0.0,-0.0,1.05965497,-0.009812773401100872
2025-08-01,0,0.0,0.03734858681022879,0,93900,0.0,0.0,0.0,0.0,0.0,0.0,0.0,0.0,1.05965497,-0.009812773401100872
2025-08-04,0,0.0,0.011920103092783574,0,93000,0.0,0.0,0.0,0.0,0.0,0.0,0.0,0.0,1.05965497,-0.009812773401100872
2025-08-05,0,0.0,0.006273525721455453,0,103100,0.0,0.0,0.0,0.0,0.0,0.0,0.0,0.0,1.05965497,-0.009812773401100872
2025-08-06,0,0.0,-0.0030845157310303017,0,104100,0.0,0.0,0.0,-0.0,-0.0,0.0,-0.0,-0.0,1.05965497,-0.009812773401100872
2025-08-07,0,0.0,-0.005248533497993257,0,105400,0.0,0.0,0.0,-0.0,-0.0,0.0,-0.0,-0.0,1.05965497,-0.009812773401100872
2025-08-08,0,0.0,-0.006503561474140662,0,108700,0.0,0.0,0.0,-0.0,-0.0,0.0,-0.0,-0.0,1.05965497,-0.009812773401100872
2025-08-11,0,0.0,0.010598503740648413,0,107100,0.0,0.0,0.0,0.0,0.0,0.0,0.0,0.0,1.05965497,-0.009812773401100872
2025-08-12,0,0.0,0.031086488150199987,0,110700,0.0,0.0,0.0,0.0,0.0,0.0,0.0,0.0,1.05965497,-0.009812773401100872
2025-08-13,0,0.0,0.0,0,116700,0.0,0.0,0.0,0.0,0.0,0.0,0.0,0.0,1.05965497,-0.009812773401100872
2025-08-14,0,0.0,-0.03526668609734773,0,122300,0.0,0.0,0.0,-0.0,-0.0,0.0,-0.0,-0.0,1.05965497,-0.009812773401100872
2025-08-15,0,0.0,-0.01116812556595248,0,126000,0.0,0.0,0.0,-0.0,-0.0,0.0,-0.0,-0.0,1.05965497,-0.009812773401100872
2025-08-18,0,0.0,0.014229488343929786,0,128900,0.0,0.0,0.0,0.0,0.0,0.0,0.0,0.0,1.05965497,-0.009812773401100872
2025-08-19,0,0.0,0.019081693500298202,0,132400,0.0,0.0,0.0,0.0,0.0,0.0,0.0,0.0,1.05965497,-0.009812773401100872
2025-08-20,0,0.0,0.009812409812409939,0,137100,0.0,0.0,0.0,0.0,0.0,0.0,0.0,0.0,1.05965497,-0.009812773401100872
2025-08-21,0,0.0,-0.011784995688416067,0,143500,0.0,0.0,0.0,-0.0,-0.0,0.0,-0.0,-0.0,1.05965497,-0.009812773401100872
2025-08-22,0,0.0,-0.04685254383443527,0,152900,0.0,0.0,0.0,-0.0,-0.0,0.0,-0.0,-0.0,1.05965497,-0.009812773401100872
2025-08-25,0,0.0,0.05458981396767304,0,155500,0.0,0.0,0.0,0.0,0.0,0.0,0.0,0.0,1.05965497,-0.009812773401100872
2025-08-26,0,0.0,-0.01708428246013649,0,153100,0.0,0.0,0.0,-0.0,-0.0,0.0,-0.0,-0.0,1.05965497,-0.009812773401100872
2025-08-27,0,0.0,0.007807981492192084,0,151100,0.0,0.0,0.0,0.0,0.0,0.0,0.0,0.0,1.05965497,-0.009812773401100872
2025-08-28,0,0.0,-0.011694238448374361,0,145500,0.0,0.0,0.0,-0.0,-0.0,0.0,-0.0,-0.0,1.05965497,-0.009812773401100872
2025-08-29,0,0.0,-0.009849362688296726,0,143500,0.0,0.0,0.0,-0.0,-0.0,0.0,-0.0,-0.0,1.05965497,-0.009812773401100872
2025-09-03,0,0.0,0.007899356348741948,0,143800,0.0,0.0,0.0,0.0,0.0,0.0,0.0,0.0,1.05965497,-0.009812773401100872
2025-09-04,0,0.0,-0.01764025448235973,0,136200,0.0,0.0,0.0,-0.0,-0.0,0.0,-0.0,-0.0,1.05965497,-0.009812773401100872
2025-09-05,0,0.0,-0.01006810778797762,0,137100,0.0,0.0,0.0,-0.0,-0.0,0.0,-0.0,-0.0,1.05965497,-0.009812773401100872
2025-09-08,0,0.0,0.002093927609931212,0,139900,0.0,0.0,0.0,0.0,0.0,0.0,0.0,0.0,1.05965497,-0.009812773401100872
2025-09-09,0,0.0,0.018208955223880663,0,137500,0.0,0.0,0.0,0.0,0.0,0.0,0.0,0.0,1.05965497,-0.009812773401100872
2025-09-10,0,0.0,0.007962253022707255,0,139000,0.0,0.0,0.0,0.0,0.0,0.0,0.0,0.0,1.05965497,-0.009812773401100872
2025-09-11,0,0.0,-0.005841121495327228,0,135300,0.0,0.0,0.0,-0.0,-0.0,0.0,-0.0,-0.0,1.05965497,-0.009812773401100872
2025-09-12,0,0.0,0.019602106495026472,0,130500,0.0,0.0,0.0,0.0,0.0,0.0,0.0,0.0,1.05965497,-0.009812773401100872
2025-09-15,0,0.0,0.009681093394077633,0,127600,0.0,0.0,0.0,0.0,0.0,0.0,0.0,0.0,1.05965497,-0.009812773401100872
2025-09-16,0,0.0,-0.020868584320360983,0,128900,0.0,0.0,0.0,-0.0,-0.0,0.0,-0.0,-0.0,1.05965497,-0.009812773401100872
2025-09-17,0,0.0,-0.006036217303822977,0,126600,0.0,0.0,0.0,-0.0,-0.0,0.0,-0.0,-0.0,1.05965497,-0.009812773401100872
2025-09-18,0,0.0,0.0017381228273463112,0,124800,0.0,0.0,0.0,0.0,0.0,0.0,0.0,0.0,1.05965497,-0.009812773401100872
2025-09-19,0,0.0,-0.027453271028037518,0,121000,0.0,0.0,0.0,-0.0,-0.0,0.0,-0.0,-0.0,1.05965497,-0.009812773401100872
2025-09-22,0,0.0,0.010170505533951602,0,117900,0.0,0.0,0.0,0.0,0.0,0.0,0.0,0.0,1.05965497,-0.009812773401100872
2025-09-23,0,0.0,0.01608579088471851,0,107900,0.0,0.0,0.0,0.0,0.0,0.0,0.0,0.0,1.05965497,-0.009812773401100872
2025-09-24,0,0.0,-0.004104368220463228,0,102600,0.0,0.0,0.0,-0.0,-0.0,0.0,-0.0,-0.0,1.05965497,-0.009812773401100872
2025-09-25,0,0.0,0.007948189579040532,0,100000,0.0,0.0,0.0,0.0,0.0,0.0,0.0,0.0,1.05965497,-0.009812773401100872
2025-09-26,0,0.0,0.006133177570093462,0,95900,0.0,0.0,0.0,0.0,0.0,0.0,0.0,0.0,1.05965497,-0.009812773401100872
2025-09-29,0,0.0,0.0,0,93900,0.0,0.0,0.0,0.0,0.0,0.0,0.0,0.0,1.05965497,-0.009812773401100872
2025-09-30,0,0.0,0.009869375907111566,0,91100,0.0,0.0,0.0,0.0,0.0,0.0,0.0,0.0,1.05965497,-0.009812773401100872
2025-10-01,0,0.0,-0.005715918833952616,0,89500,0.0,0.0,0.0,-0.0,-0.0,0.0,-0.0,-0.0,1.05965497,-0.009812773401100872
2025-10-02,0,0.0,-0.009812409812409717,0,89200,0.0,0.0,0.0,-0.0,-0.0,0.0,-0.0,-0.0,1.05965497,-0.009812773401100872
2025-10-03,0,0.0,0.021356421356421462,0,87400,0.0,0.0,0.0,0.0,0.0,0.0,0.0,0.0,1.05965497,-0.009812773401100872
2025-10-06,0,0.0,-0.022714526079640973,0,84800,0.0,0.0,0.0,-0.0,-0.0,0.0,-0.0,-0.0,1.05965497,-0.009812773401100872
2025-10-07,0,0.0,0.013329551900170156,0,84100,0.0,0.0,0.0,0.0,0.0,0.0,0.0,0.0,1.05965497,-0.009812773401100872
2025-10-08,0,0.0,0.03974251329415068,0,84100,0.0,0.0,0.0,0.0,0.0,0.0,0.0,0.0,1.05965497,-0.009812773401100872
2025-10-09,0,0.0,-0.009037745879851067,0,91400,0.0,0.0,0.0,-0.0,-0.0,0.0,-0.0,-0.0,1.05965497,-0.009812773401100872
2025-10-10,0,0.0,0.023545331529093216,0,94000,0.0,0.0,0.0,0.0,0.0,0.0,0.0,0.0,1.05965497,-0.009812773401100872
2025-10-13,0,0.0,-0.026799789805570184,0,93100,0.0,0.0,0.0,-0.0,-0.0,0.0,-0.0,-0.0,1.05965497,-0.009812773401100872
2025-10-14,0,0.0,0.00538938291565616,0,90700,0.0,0.0,0.0,0.0,0.0,0.0,0.0,0.0,1.05965497,-0.009812773401100872
2025-10-15,0,0.0,-0.0200642054574639,0,90900,0.0,0.0,0.0,-0.0,-0.0,0.0,-0.0,-0.0,1.05965497,-0.009812773401100872
2025-10-16,0,0.0,-0.027899343544857902,0,92300,0.0,0.0,0.0,-0.0,-0.0,0.0,-0.0,-0.0,1.05965497,-0.009812773401100872
2025-10-17,0,0.0,-0.0737134909596664,0,97100,0.0,0.0,0.0,-0.0,-0.0,0.0,-0.0,-0.0,1.05965497,-0.009812773401100872
2025-10-20,0,0.0,0.01948441247002397,0,103800,0.0,0.0,0.0,0.0,0.0,0.0,0.0,0.0,1.05965497,-0.009812773401100872
2025-10-21,0,0.0,0.0,0,108400,0.0,0.0,0.0,0.0,0.0,0.0,0.0,0.0,1.05965497,-0.009812773401100872
2025-10-22,0,0.0,-0.005875440658049236,0,111700,0.0,0.0,0.0,-0.0,-0.0,0.0,-0.0,-0.0,1.05965497,-0.009812773401100872
2025-10-23,0,0.0,0.009226190476190332,0,113600,0.0,0.0,0.0,0.0,0.0,0.0,0.0,0.0,1.05965497,-0.009812773401100872
2025-10-24,0,0.0,-0.02418165732822153,0,114200,0.0,0.0,0.0,-0.0,-0.0,0.0,-0.0,-0.0,1.05965497,-0.009812773401100872
2025-10-27,0,0.0,0.00907441016333932,0,114700,0.0,0.0,0.0,0.0,0.0,0.0,0.0,0.0,1.05965497,-0.009812773401100872
2025-10-28,0,0.0,0.009253731343283667,0,114600,0.0,0.0,0.0,0.0,0.0,0.0,0.0,0.0,1.05965497,-0.009812773401100872
2025-10-29,0,0.0,-0.01209082866411082,0,114300,0.0,0.0,0.0,-0.0,-0.0,0.0,-0.0,-0.0,1.05965497,-0.009812773401100872
2025-10-30,0,0.0,-0.01708898055391861,0,112500,0.0,0.0,0.0,-0.0,-0.0,0.0,-0.0,-0.0,1.05965497,-0.009812773401100872
2025-10-31,0,0.0,-0.016383675901102124,0,113100,0.0,0.0,0.0,-0.0,-0.0,0.0,-0.0,-0.0,1.05965497,-0.009812773401100872
2025-11-03,0,0.0,0.0353120243531202,0,111100,0.0,0.0,0.0,0.0,0.0,0.0,0.0,0.0,1.05965497,-0.009812773401100872
2025-11-04,0,0.0,0.030079622530227113,0,111800,0.0,0.0,0.0,0.0,0.0,0.0,0.0,0.0,1.05965497,-0.009812773401100872
2025-11-05,0,0.0,-0.002008032128514081,0,111100,0.0,0.0,0.0,-0.0,-0.0,0.0,-0.0,-0.0,1.05965497,-0.009812773401100872
2025-11-06,0,0.0,-0.029668411867364797,0,104000,0.0,0.0,0.0,-0.0,-0.0,0.0,-0.0,-0.0,1.05965497,-0.009812773401100872
2025-11-07,0,0.0,-0.014475271411338864,0,103800,0.0,0.0,0.0,-0.0,-0.0,0.0,-0.0,-0.0,1.05965497,-0.009812773401100872
2025-11-10,0,0.0,0.007321537522879895,0,102200,0.0,0.0,0.0,0.0,0.0,0.0,0.0,0.0,1.05965497,-0.009812773401100872
2025-11-11,0,0.0,0.014536644457904258,0,99700,0.0,0.0,0.0,0.0,0.0,0.0,0.0,0.0,1.05965497,-0.009812773401100872
2025-11-12,0,0.0,-0.006274275470570689,0,99000,0.0,0.0,0.0,-0.0,-0.0,0.0,-0.0,-0.0,1.05965497,-0.009812773401100872
2025-11-13,0,0.0,0.0012113870381587066,0,96300,0.0,0.0,0.0,0.0,0.0,0.0,0.0,0.0,1.05965497,-0.009812773401100872
2025-11-14,0,0.0,0.0021090689966858367,0,90700,0.0,0.0,0.0,0.0,0.0,0.0,0.0,0.0,1.05965497,-0.009812773401100872
2025-11-17,0,0.0,0.010210210210210402,0,80600,0.0,0.0,0.0,0.0,0.0,0.0,0.0,0.0,1.05965497,-0.009812773401100872
2025-11-18,0,0.0,-0.0011890606420926764,0,76600,0.0,0.0,0.0,-0.0,-0.0,0.0,-0.0,-0.0,1.05965497,-0.009812773401100872
2025-11-19,0,0.0,-0.00417039022937149,0,73300,0.0,0.0,0.0,-0.0,-0.0,0.0,-0.0,-0.0,1.05965497,-0.009812773401100872
2025-11-20,0,0.0,0.010275007555152538,0,71300,0.0,0.0,0.0,0.0,0.0,0.0,0.0,0.0,1.05965497,-0.009812773401100872
2025-11-21,0,0.0,-0.005982650314089177,0,68800,0.0,0.0,0.0,-0.0,-0.0,0.0,-0.0,-0.0,1.05965497,-0.009812773401100872
2025-11-24,0,0.0,-0.011459589867309883,0,67900,0.0,0.0,0.0,-0.0,-0.0,0.0,-0.0,-0.0,1.05965497,-0.009812773401100872
2025-11-25,0,0.0,0.012465795074490638,0,67500,0.0,0.0,0.0,0.0,0.0,0.0,0.0,0.0,1.05965497,-0.009812773401100872
2025-11-26,0,0.0,-0.00299760191846532,0,67900,0.0,0.0,0.0,-0.0,-0.0,0.0,-0.0,-0.0,1.05965497,-0.009812773401100872
2025-11-27,0,0.0,0.0069423483247810225,0,69300,0.0,0.0,0.0,0.0,0.0,0.0,0.0,0.0,1.05965497,-0.009812773401100872
2025-11-28,0,0.0,-0.010210210210210069,0,67200,0.0,0.0,0.0,-0.0,-0.0,0.0,-0.0,-0.0,1.05965497,-0.009812773401100872
2025-12-01,0,0.0,0.0021002100210021357,0,65700,0.0,0.0,0.0,0.0,0.0,0.0,0.0,0.0,1.05965497,-0.009812773401100872
2025-12-02,0,0.0,0.05074183976261115,0,66500,0.0,0.0,0.0,0.0,0.0,0.0,0.0,0.0,1.05965497,-0.009812773401100872
2025-12-03,0,0.0,-0.003657850309510491,0,72500,0.0,0.0,0.0,-0.0,-0.0,0.0,-0.0,-0.0,1.05965497,-0.009812773401100872
2025-12-04,0,0.0,-0.01127713560755561,0,72700,0.0,0.0,0.0,-0.0,-0.0,0.0,-0.0,-0.0,1.05965497,-0.009812773401100872
2025-12-05,0,0.0,-0.006000000000000005,0,69400,0.0,0.0,0.0,-0.0,-0.0,0.0,-0.0,-0.0,1.05965497,-0.009812773401100872
2025-12-08,0,0.0,-0.015868436237737926,0,68600,0.0,0.0,0.0,-0.0,-0.0,0.0,-0.0,-0.0,1.05965497,-0.009812773401100872
2025-12-09,0,0.0,0.0017482517482518833,0,69000,0.0,0.0,0.0,0.0,0.0,0.0,0.0,0.0,1.05965497,-0.009812773401100872
2025-12-10,0,0.0,-0.011877172653534274,0,67600,0.0,0.0,0.0,-0.0,-0.0,0.0,-0.0,-0.0,1.05965497,-0.009812773401100872
2025-12-11,0,0.0,-0.016058394160583855,0,67100,0.0,0.0,0.0,-0.0,-0.0,0.0,-0.0,-0.0,1.05965497,-0.009812773401100872
2025-12-12,0,0.0,0.0020728457210541507,0,67800,0.0,0.0,0.0,0.0,0.0,0.0,0.0,0.0,1.05965497,-0.009812773401100872
2025-12-15,0,0.0,0.020270270270270174,0,68000,0.0,0.0,0.0,0.0,0.0,0.0,0.0,0.0,1.05965497,-0.009812773401100872
2025-12-16,0,0.0,-0.022597254004576683,0,72800,0.0,0.0,0.0,-0.0,-0.0,0.0,-0.0,-0.0,1.05965497,-0.009812773401100872
2025-12-17,0,0.0,-0.009950248756218971,0,75700,0.0,0.0,0.0,-0.0,-0.0,0.0,-0.0,-0.0,1.05965497,-0.009812773401100872
2025-12-18,0,0.0,0.0029559562518475246,0,76300,0.0,0.0,0.0,0.0,0.0,0.0,0.0,0.0,1.05965497,-0.009812773401100872
2025-12-19,0,0.0,0.018834608593290225,0,76700,0.0,0.0,0.0,0.0,0.0,0.0,0.0,0.0,1.05965497,-0.009812773401100872
2025-12-22,0,0.0,-0.00834292289988492,0,80700,0.0,0.0,0.0,-0.0,-0.0,0.0,-0.0,-0.0,1.05965497,-0.009812773401100872
2025-12-23,0,0.0,0.008413112851755056,0,82900,0.0,0.0,0.0,0.0,0.0,0.0,0.0,0.0,1.05965497,-0.009812773401100872
2025-12-24,0,0.0,-0.011187607573149738,0,84100,0.0,0.0,0.0,-0.0,-0.0,0.0,-0.0,-0.0,1.05965497,-0.009812773401100872
2025-12-25,0,0.0,0.008437590922315996,0,87300,0.0,0.0,0.0,0.0,0.0,0.0,0.0,0.0,1.05965497,-0.009812773401100872
2025-12-26,0,0.0,0.008413112851755056,0,90300,0.0,0.0,0.0,0.0,0.0,0.0,0.0,0.0,1.05965497,-0.009812773401100872
2025-12-29,0,0.0,0.008618213157138621,0,92500,0.0,0.0,0.0,0.0,0.0,0.0,0.0,0.0,1.05965497,-0.009812773401100872
2025-12-30,0,0.0,0.0014220705346985607,0,92300,0.0,0.0,0.0,0.0,0.0,0.0,0.0,0.0,1.05965497,-0.009812773401100872
2025-12-31,0,0.0,-0.008508224617129856,0,84900,0.0,0.0,0.0,-0.0,-0.0,0.0,-0.0,-0.0,1.05965497,-0.009812773401100872
2026-01-05,0,0.0,0.02266207687894428,0,86300,0.0,0.0,0.0,0.0,0.0,0.0,0.0,0.0,1.05965497,-0.009812773401100872
2026-01-06,0,0.0,0.028730822873082262,0,90500,0.0,0.0,0.0,0.0,0.0,0.0,0.0,0.0,1.05965497,-0.009812773401100872
2026-01-07,0,0.0,0.01730665224445649,0,98600,0.0,0.0,0.0,0.0,0.0,0.0,0.0,0.0,1.05965497,-0.009812773401100872
2026-01-08,0,0.0,0.04478000520697756,0,109800,0.0,0.0,0.0,0.0,0.0,0.0,0.0,0.0,1.05965497,-0.009812773401100872
2026-01-09,0,0.0,-0.01184719535783374,0,127300,0.0,0.0,0.0,-0.0,-0.0,0.0,-0.0,-0.0,1.05965497,-0.009812773401100872
2026-01-12,0,0.0,-0.004893564962074715,0,143700,0.0,0.0,0.0,-0.0,-0.0,0.0,-0.0,-0.0,1.05965497,-0.009812773401100872
2026-01-13,0,0.0,0.015928322548531604,0,155900,0.0,0.0,0.0,0.0,0.0,0.0,0.0,0.0,1.05965497,-0.009812773401100872
2026-01-14,1,1.0,-0.01228686058174533,2600,168500,0.9785071833334581,1.9449915853270616,0.004856467572647727,-0.012022781339854518,-0.016879248912502243,514617.99999999994,-1274000.0000000098,-1788618.0000000098,1.04176879,-0.02652639006884394
2026-01-15,1,1.0,-0.026946107784431073,2500,175000,0.9618257041468867,1.897733949199995,0.004731376143453098,-0.025917459093778322,-0.03064883523723142,492900.0,-2699999.9999999935,-3192899.9999999935,1.00983979,-0.056362222347416724
2026-01-16,0,0.0,0.008706786171575054,0,180500,0.0,0.0,0.0,0.0,0.0,0.0,0.0,0.0,1.00983979,-0.056362222347416724
2026-01-19,0,0.0,-0.01982931726907644,0,184400,0.0,0.0,0.0,-0.0,-0.0,0.0,-0.0,-0.0,1.00983979,-0.056362222347416724
2026-01-20,0,0.0,0.016431322207958843,0,190200,0.0,0.0,0.0,0.0,0.0,0.0,0.0,0.0,1.00983979,-0.056362222347416724
2026-01-21,1,1.0,-0.01256597134958537,2500,194500,0.9850572435851435,1.9577362860696945,0.004888151614623941,-0.01237820110059245,-0.017266352715216392,493625.0,-1250000.0000000047,-1743625.0000000047,0.99240354,-0.07265540505176926
2026-01-22,0,0.0,-0.024879411018024933,0,200400,0.0,0.0,0.0,-0.0,-0.0,0.0,-0.0,-0.0,0.99240354,-0.07265540505176926
2026-01-23,1,1.0,-0.021840873634945468,2500,204700,0.9688599055178704,1.91655906426936,0.0047808172872902096,-0.021160746766381012,-0.02594156405367122,474450.0,-2100000.0000000065,-2574450.0000000065,0.9666590399999999,-0.09671217426144452
2026-01-26,1,1.0,0.0013290802764487353,2500,206300,0.9729387106336895,1.9471705349178758,0.004868572894119938,0.0012931136504967002,-0.0035754592436232375,470625.0,125000.00000000355,-345624.99999999645,0.96320279,-0.09994184306763376
2026-01-27,1,1.0,0.001323801959226767,2500,207300,0.9803231570788953,1.961944067873807,0.004905509046542526,0.001297753716016411,-0.003607755330526114,472499.99999999994,124999.99999998747,-347500.00000001246,0.9597277899999999,-0.10318903268109003
2026-01-28,1,1.0,-0.0050118702189395625,2500,211300,0.9875195965722742,1.9700898730878686,0.0049227500226913315,-0.004949320056679792,-0.009872070079371123,472450.0,-474999.99999999703,-947449.999999997,0.9502532899999999,-0.11204241339841081
2026-01-29,0,0.0,0.014354066985645897,0,212100,0.0,0.0,0.0,0.0,0.0,0.0,0.0,0.0,0.9502532899999999,-0.11204241339841081
2026-01-30,0,0.0,0.014132426066474801,0,222400,0.0,0.0,0.0,0.0,0.0,0.0,0.0,0.0,0.9502532899999999,-0.11204241339841081
2026-02-02,0,0.0,-0.0012771392081736277,0,228900,0.0,0.0,0.0,-0.0,-0.0,0.0,-0.0,-0.0,0.9502532899999999,-0.11204241339841081
2026-02-03,0,0.0,-0.0073810129804021685,0,233400,0.0,0.0,0.0,-0.0,-0.0,0.0,-0.0,-0.0,0.9502532899999999,-0.11204241339841081
2026-02-04,0,0.0,-0.02663252240717029,0,231400,0.0,0.0,0.0,-0.0,-0.0,0.0,-0.0,-0.0,0.9502532899999999,-0.11204241339841081
2026-02-05,0,0.0,-0.02099946836788935,0,223500,0.0,0.0,0.0,-0.0,-0.0,0.0,-0.0,-0.0,0.9502532899999999,-0.11204241339841081
2026-02-06,0,0.0,-0.01589011580931865,0,216400,0.0,0.0,0.0,-0.0,-0.0,0.0,-0.0,-0.0,0.9502532899999999,-0.11204241339841081
2026-02-09,0,0.0,-0.010560519902518273,0,202800,0.0,0.0,0.0,-0.0,-0.0,0.0,-0.0,-0.0,0.9502532899999999,-0.11204241339841081
2026-02-10,0,0.0,0.01193058568329719,0,192900,0.0,0.0,0.0,0.0,0.0,0.0,0.0,0.0,0.9502532899999999,-0.11204241339841081
2026-02-11,0,0.0,-0.007953340402969133,0,184500,0.0,0.0,0.0,-0.0,-0.0,0.0,-0.0,-0.0,0.9502532899999999,-0.11204241339841081
2026-02-12,0,0.0,0.015766969535008002,0,174700,0.0,0.0,0.0,0.0,0.0,0.0,0.0,0.0,0.9502532899999999,-0.11204241339841081
2026-02-13,0,0.0,-0.006517205422314931,0,168500,0.0,0.0,0.0,-0.0,-0.0,0.0,-0.0,-0.0,0.9502532899999999,-0.11204241339841081
2026-02-23,0,0.0,-0.008956796628029617,0,165900,0.0,0.0,0.0,-0.0,-0.0,0.0,-0.0,-0.0,0.9502532899999999,-0.11204241339841081
2026-02-24,0,0.0,0.003706645485835214,0,162500,0.0,0.0,0.0,0.0,0.0,0.0,0.0,0.0,0.9502532899999999,-0.11204241339841081
2026-02-25,0,0.0,-0.0013171759747103717,0,157600,0.0,0.0,0.0,-0.0,-0.0,0.0,-0.0,-0.0,0.9502532899999999,-0.11204241339841081
2026-02-26,0,0.0,-0.00528122524425656,0,152500,0.0,0.0,0.0,-0.0,-0.0,0.0,-0.0,-0.0,0.9502532899999999,-0.11204241339841081
2026-02-27,0,0.0,-0.017330083942594166,0,148000,0.0,0.0,0.0,-0.0,-0.0,0.0,-0.0,-0.0,0.9502532899999999,-0.11204241339841081
2026-03-02,1,1.0,-0.024558498896247283,2600,152200,0.9915672062550821,1.9587830103697936,0.004884781824854299,-0.024351402140370435,-0.029236183965224736,464178.0,-2314000.000000004,-2778178.000000004,0.9224715099999998,-0.138002904753612
2026-03-03,1,1.0,0.018176654359556954,2600,156600,0.9923992124157854,2.002836922302349,0.005016111554491262,0.018038497470778275,0.013022385916287012,462722.0,1664000.000000001,1201278.000000001,0.9344842899999999,-0.12677764592059504
2026-03-04,0,0.0,-0.021679473106476332,0,158600,0.0,0.0,0.0,-0.0,-0.0,0.0,-0.0,-0.0,0.9344842899999999,-0.12677764592059504
2026-03-05,0,0.0,-0.0067892503536068904,0,157600,0.0,0.0,0.0,-0.0,-0.0,0.0,-0.0,-0.0,0.9344842899999999,-0.12677764592059504
2026-03-06,0,0.0,0.0,0,147600,0.0,0.0,0.0,0.0,0.0,0.0,0.0,0.0,0.9344842899999999,-0.12677764592059504
2026-03-09,1,1.0,0.024940617577197344,2700,144800,0.9731142724721464,1.970498615872933,0.004938381575146654,0.02427007092864042,0.019331689353493768,461484.00000000006,2268000.0000000177,1806516.0000000177,0.9525494500000001,-0.10989678263500535
2026-03-10,0,0.0,0.0029010733971570613,0,145500,0.0,0.0,0.0,0.0,0.0,0.0,0.0,0.0,0.9525494500000001,-0.10989678263500535
2026-03-11,0,0.0,-0.014298220017508134,0,142800,0.0,0.0,0.0,-0.0,-0.0,0.0,-0.0,-0.0,0.9525494500000001,-0.10989678263500535
2026-03-12,0,0.0,-0.008880994671403353,0,141200,0.0,0.0,0.0,-0.0,-0.0,0.0,-0.0,-0.0,0.9525494500000001,-0.10989678263500535
2026-03-13,0,0.0,0.002982403817476831,0,132900,0.0,0.0,0.0,0.0,0.0,0.0,0.0,0.0,0.9525494500000001,-0.10989678263500535
2026-03-16,0,0.0,-0.0014736221632772883,0,130500,0.0,0.0,0.0,-0.0,-0.0,0.0,-0.0,-0.0,0.9525494500000001,-0.10989678263500535
2026-03-17,0,0.0,0.011740534194305763,0,127800,0.0,0.0,0.0,0.0,0.0,0.0,0.0,0.0,0.9525494500000001,-0.10989678263500535
2026-03-18,0,0.0,0.0041200706297821466,0,127200,0.0,0.0,0.0,0.0,0.0,0.0,0.0,0.0,0.9525494500000001,-0.10989678263500535
2026-03-19,0,0.0,-0.02733686067019403,0,126600,0.0,0.0,0.0,-0.0,-0.0,0.0,-0.0,-0.0,0.9525494500000001,-0.10989678263500535
2026-03-20,0,0.0,-0.0211009174311928,0,127300,0.0,0.0,0.0,-0.0,-0.0,0.0,-0.0,-0.0,0.9525494500000001,-0.10989678263500535
2026-03-23,1,1.0,0.0076242756938091905,2800,129800,0.9638554722802056,1.935059644410062,0.004841323460949981,0.0073486998496509505,0.002507376388700969,461160.00000000006,700000.0000000094,238840.00000000937,0.9549378500000002,-0.10766495884427763
2026-03-24,0,0.0,0.008724428399518702,0,126900,0.0,0.0,0.0,0.0,0.0,0.0,0.0,0.0,0.9549378500000002,-0.10766495884427763
2026-03-25,0,0.0,-0.007157769161944549,0,124700,0.0,0.0,0.0,-0.0,-0.0,0.0,-0.0,-0.0,0.9549378500000002,-0.10766495884427763
2026-03-26,0,0.0,0.03253992166315167,0,121900,0.0,0.0,0.0,0.0,0.0,0.0,0.0,0.0,0.9549378500000002,-0.10766495884427763
2026-03-27,0,0.0,-0.0014889815366289083,0,123400,0.0,0.0,0.0,-0.0,-0.0,0.0,-0.0,-0.0,0.9549378500000002,-0.10766495884427763
2026-03-30,0,0.0,0.005608028335301052,0,113600,0.0,0.0,0.0,0.0,0.0,0.0,0.0,0.0,0.9549378500000002,-0.10766495884427763
2026-03-31,0,0.0,-0.012694748990190408,0,106700,0.0,0.0,0.0,-0.0,-0.0,0.0,-0.0,-0.0,0.9549378500000002,-0.10766495884427763
2026-04-01,0,0.0,-0.004420866489831976,0,101000,0.0,0.0,0.0,-0.0,-0.0,0.0,-0.0,-0.0,0.9549378500000002,-0.10766495884427763
2026-04-02,0,0.0,-0.017414403778040266,0,100200,0.0,0.0,0.0,-0.0,-0.0,0.0,-0.0,-0.0,0.9549378500000002,-0.10766495884427763
2026-04-03,0,0.0,-0.0015042117930206267,0,100200,0.0,0.0,0.0,-0.0,-0.0,0.0,-0.0,-0.0,0.9549378500000002,-0.10766495884427763
2026-04-06,0,0.0,-0.0015042117930206267,0,94300,0.0,0.0,0.0,-0.0,-0.0,0.0,-0.0,-0.0,0.9549378500000002,-0.10766495884427763
2026-04-07,0,0.0,0.020134228187919323,0,84300,0.0,0.0,0.0,0.0,0.0,0.0,0.0,0.0,0.9549378500000002,-0.10766495884427763
2026-04-08,0,0.0,-0.0014484356894555184,0,84600,0.0,0.0,0.0,-0.0,-0.0,0.0,-0.0,-0.0,0.9549378500000002,-0.10766495884427763
2026-04-09,1,1.0,-0.006914433880726101,2700,81200,0.9813937105959304,1.956001639268985,0.004886611207211023,-0.006785781922876008,-0.011672393130087031,466640.99999999994,-648000.000000008,-1114641.000000008,0.9437914400000001,-0.11808064424839959
2026-04-10,0,0.0,0.0,0,81100,0.0,0.0,0.0,0.0,0.0,0.0,0.0,0.0,0.9437914400000001,-0.11808064424839959
2026-04-13,0,0.0,-0.005785363031530322,0,80700,0.0,0.0,0.0,-0.0,-0.0,0.0,-0.0,-0.0,0.9437914400000001,-0.11808064424839959
2026-04-14,0,0.0,-0.004039238315060367,0,79800,0.0,0.0,0.0,-0.0,-0.0,0.0,-0.0,-0.0,0.9437914400000001,-0.11808064424839959
2026-04-15,0,0.0,-0.01588677065280175,0,76400,0.0,0.0,0.0,-0.0,-0.0,0.0,-0.0,-0.0,0.9437914400000001,-0.11808064424839959
2026-04-16,0,0.0,0.004389815627743543,0,75500,0.0,0.0,0.0,0.0,0.0,0.0,0.0,0.0,0.9437914400000001,-0.11808064424839959
2026-04-17,0,0.0,0.004357931435212015,0,72000,0.0,0.0,0.0,0.0,0.0,0.0,0.0,0.0,0.9437914400000001,-0.11808064424839959
2026-04-20,0,0.0,-0.012658227848101222,0,68400,0.0,0.0,0.0,-0.0,-0.0,0.0,-0.0,-0.0,0.9437914400000001,-0.11808064424839959
2026-04-21,0,0.0,0.0,0,68100,0.0,0.0,0.0,0.0,0.0,0.0,0.0,0.0,0.9437914400000001,-0.11808064424839959
2026-04-22,0,0.0,0.020134228187919323,0,67000,0.0,0.0,0.0,0.0,0.0,0.0,0.0,0.0,0.9437914400000001,-0.11808064424839959
2026-04-23,0,0.0,-0.01682829435253863,0,75200,0.0,0.0,0.0,-0.0,-0.0,0.0,-0.0,-0.0,0.9437914400000001,-0.11808064424839959
2026-04-24,0,0.0,-0.014096662830839879,0,71600,0.0,0.0,0.0,-0.0,-0.0,0.0,-0.0,-0.0,0.9437914400000001,-0.11808064424839959
2026-04-28,0,0.0,-0.0014505366985784196,0,72000,0.0,0.0,0.0,-0.0,-0.0,0.0,-0.0,-0.0,0.9437914400000001,-0.11808064424839959
2026-04-29,0,0.0,-0.0014343086632242485,0,71700,0.0,0.0,0.0,-0.0,-0.0,0.0,-0.0,-0.0,0.9437914400000001,-0.11808064424839959
2026-05-04,0,0.0,0.0,0,71700,0.0,0.0,0.0,0.0,0.0,0.0,0.0,0.0,0.9437914400000001,-0.11808064424839959
2026-05-05,0,0.0,0.0071921749136938384,0,71400,0.0,0.0,0.0,0.0,0.0,0.0,0.0,0.0,0.9437914400000001,-0.11808064424839959
2026-05-06,0,0.0,0.004272287097693006,0,72200,0.0,0.0,0.0,0.0,0.0,0.0,0.0,0.0,0.9437914400000001,-0.11808064424839959
2026-05-07,0,0.0,0.007062146892655274,0,74500,0.0,0.0,0.0,0.0,0.0,0.0,0.0,0.0,0.9437914400000001,-0.11808064424839959
2026-05-08,0,0.0,-0.01930069930069922,0,81200,0.0,0.0,0.0,-0.0,-0.0,0.0,-0.0,-0.0,0.9437914400000001,-0.11808064424839959
2026-05-11,0,0.0,-0.011392765593847831,0,78000,0.0,0.0,0.0,-0.0,-0.0,0.0,-0.0,-0.0,0.9437914400000001,-0.11808064424839959
2026-05-12,0,0.0,0.008643042350907404,0,79300,0.0,0.0,0.0,0.0,0.0,0.0,0.0,0.0,0.9437914400000001,-0.11808064424839959
2026-05-13,0,0.0,0.008259755055539664,0,80100,0.0,0.0,0.0,0.0,0.0,0.0,0.0,0.0,0.9437914400000001,-0.11808064424839959
2026-05-14,0,0.0,-0.012324929971988974,0,82500,0.0,0.0,0.0,-0.0,-0.0,0.0,-0.0,-0.0,0.9437914400000001,-0.11808064424839959
2026-05-15,0,0.0,0.019680547632629608,0,85000,0.0,0.0,0.0,0.0,0.0,0.0,0.0,0.0,0.9437914400000001,-0.11808064424839959
2026-05-18,0,0.0,-0.02028341205890538,0,91600,0.0,0.0,0.0,-0.0,-0.0,0.0,-0.0,-0.0,0.9437914400000001,-0.11808064424839959
2026-05-19,0,0.0,-0.015620562340244337,0,96600,0.0,0.0,0.0,-0.0,-0.0,0.0,-0.0,-0.0,0.9437914400000001,-0.11808064424839959
2026-05-20,0,0.0,-0.012621916236373987,0,100900,0.0,0.0,0.0,-0.0,-0.0,0.0,-0.0,-0.0,0.9437914400000001,-0.11808064424839959
2026-05-21,0,0.0,-0.002909514111143263,0,102700,0.0,0.0,0.0,-0.0,-0.0,0.0,-0.0,-0.0,0.9437914400000001,-0.11808064424839959
2026-05-22,0,0.0,-0.010109763142691963,0,104200,0.0,0.0,0.0,-0.0,-0.0,0.0,-0.0,-0.0,0.9437914400000001,-0.11808064424839959
2026-05-25,0,0.0,0.00989234797788785,0,104200,0.0,0.0,0.0,0.0,0.0,0.0,0.0,0.0,0.9437914400000001,-0.11808064424839959
2026-05-26,0,0.0,0.0014384349827389897,0,96200,0.0,0.0,0.0,0.0,0.0,0.0,0.0,0.0,0.9437914400000001,-0.11808064424839959
2026-05-27,0,0.0,-0.014076414823326666,0,97500,0.0,0.0,0.0,-0.0,-0.0,0.0,-0.0,-0.0,0.9437914400000001,-0.11808064424839959
2026-05-28,0,0.0,-0.002909514111143263,0,97100,0.0,0.0,0.0,-0.0,-0.0,0.0,-0.0,-0.0,0.9437914400000001,-0.11808064424839959
2026-05-29,0,0.0,-0.014484356894553851,0,97900,0.0,0.0,0.0,-0.0,-0.0,0.0,-0.0,-0.0,0.9437914400000001,-0.11808064424839959
2026-06-01,0,0.0,-0.01998824221046447,0,96600,0.0,0.0,0.0,-0.0,-0.0,0.0,-0.0,-0.0,0.9437914400000001,-0.11808064424839959
2026-06-02,0,0.0,0.004205467107239347,0,102200,0.0,0.0,0.0,0.0,0.0,0.0,0.0,0.0,0.9437914400000001,-0.11808064424839959
2026-06-03,0,0.0,0.0029868578255676237,0,100400,0.0,0.0,0.0,0.0,0.0,0.0,0.0,0.0,0.9437914400000001,-0.11808064424839959
2026-06-04,0,0.0,-0.005955926146515633,0,97200,0.0,0.0,0.0,-0.0,-0.0,0.0,-0.0,-0.0,0.9437914400000001,-0.11808064424839959
2026-06-05,0,0.0,-0.003045066991473888,0,90100,0.0,0.0,0.0,-0.0,-0.0,0.0,-0.0,-0.0,0.9437914400000001,-0.11808064424839959
2026-06-08,0,0.0,0.003049710277523765,0,91900,0.0,0.0,0.0,0.0,0.0,0.0,0.0,0.0,0.9437914400000001,-0.11808064424839959
2026-06-09,0,0.0,-0.0030220610456331842,0,89300,0.0,0.0,0.0,-0.0,-0.0,0.0,-0.0,-0.0,0.9437914400000001,-0.11808064424839959
2026-06-10,0,0.0,0.0,0,86300,0.0,0.0,0.0,0.0,0.0,0.0,0.0,0.0,0.9437914400000001,-0.11808064424839959
2026-06-11,0,0.0,-0.0045399515738497875,0,83700,0.0,0.0,0.0,-0.0,-0.0,0.0,-0.0,-0.0,0.9437914400000001,-0.11808064424839959
2026-06-12,0,0.0,-0.0015042117930206267,0,81000,0.0,0.0,0.0,-0.0,-0.0,0.0,-0.0,-0.0,0.9437914400000001,-0.11808064424839959
2026-06-15,0,0.0,-0.004499100179964133,0,75000,0.0,0.0,0.0,-0.0,-0.0,0.0,-0.0,-0.0,0.9437914400000001,-0.11808064424839959
2026-06-16,0,0.0,0.01777643868635148,0,69600,0.0,0.0,0.0,0.0,0.0,0.0,0.0,0.0,0.9437914400000001,-0.11808064424839959
2026-06-17,0,0.0,-0.011823825007389877,0,69200,0.0,0.0,0.0,-0.0,-0.0,0.0,-0.0,-0.0,0.9437914400000001,-0.11808064424839959
2026-06-18,0,0.0,-0.007168458781361853,0,66600,0.0,0.0,0.0,-0.0,-0.0,0.0,-0.0,-0.0,0.9437914400000001,-0.11808064424839959
2026-06-19,0,0.0,-0.0011983223487117556,0,64100,0.0,0.0,0.0,-0.0,-0.0,0.0,-0.0,-0.0,0.9437914400000001,-0.11808064424839959
2026-06-22,0,0.0,0.0,0,63700,0.0,0.0,0.0,0.0,0.0,0.0,0.0,0.0,0.9437914400000001,-0.11808064424839959
2026-06-23,0,0.0,0.0,0,65200,0.0,0.0,0.0,0.0,0.0,0.0,0.0,0.0,0.9437914400000001,-0.11808064424839959
2026-06-24,0,0.0,-0.007521058965102245,0,65200,0.0,0.0,0.0,-0.0,-0.0,0.0,-0.0,-0.0,0.9437914400000001,-0.11808064424839959
2026-06-25,0,0.0,0.0030312215822976274,0,66500,0.0,0.0,0.0,0.0,0.0,0.0,0.0,0.0,0.9437914400000001,-0.11808064424839959
2026-06-26,0,0.0,0.007242003621001913,0,64400,0.0,0.0,0.0,0.0,0.0,0.0,0.0,0.0,0.9437914400000001,-0.11808064424839959
2026-06-29,0,0.0,0.0014979029358896945,0,66000,0.0,0.0,0.0,0.0,0.0,0.0,0.0,0.0,0.9437914400000001,-0.11808064424839959
2026-06-30,0,0.0,0.010438413361169241,0,61000,0.0,0.0,0.0,0.0,0.0,0.0,0.0,0.0,0.9437914400000001,-0.11808064424839959
2026-07-01,0,0.0,-0.005894488653109375,0,61300,0.0,0.0,0.0,-0.0,-0.0,0.0,-0.0,-0.0,0.9437914400000001,-0.11808064424839959
2026-07-02,0,0.0,-0.005911912503694827,0,61700,0.0,0.0,0.0,-0.0,-0.0,0.0,-0.0,-0.0,0.9437914400000001,-0.11808064424839959
2026-07-03,0,0.0,-0.0073789846517119395,0,63300,0.0,0.0,0.0,-0.0,-0.0,0.0,-0.0,-0.0,0.9437914400000001,-0.11808064424839959
2026-07-06,0,0.0,0.0029735355337494607,0,63200,0.0,0.0,0.0,0.0,0.0,0.0,0.0,0.0,0.9437914400000001,-0.11808064424839959
2026-07-07,0,0.0,0.007411799584939205,0,63800,0.0,0.0,0.0,0.0,0.0,0.0,0.0,0.0,0.9437914400000001,-0.11808064424839959
2026-07-08,0,0.0,-0.010330578512396715,0,66300,0.0,0.0,0.0,-0.0,-0.0,0.0,-0.0,-0.0,0.9437914400000001,-0.11808064424839959
2026-07-09,0,0.0,-0.014548693586698414,0,67000,0.0,0.0,0.0,-0.0,-0.0,0.0,-0.0,-0.0,0.9437914400000001,-0.11808064424839959
2026-07-10,0,0.0,-0.0328412172341066,0,67300,0.0,0.0,0.0,-0.0,-0.0,0.0,-0.0,-0.0,0.9437914400000001,-0.11808064424839959
2026-07-13,0,0.0,0.0012476606363069909,0,72500,0.0,0.0,0.0,0.0,0.0,0.0,0.0,0.0,0.9437914400000001,-0.11808064424839959
2026-07-14,0,0.0,-0.016770186335403836,0,75600,0.0,0.0,0.0,-0.0,-0.0,0.0,-0.0,-0.0,0.9437914400000001,-0.11808064424839959
2026-07-15,0,0.0,0.006327111673521069,0,73100,0.0,0.0,0.0,0.0,0.0,0.0,0.0,0.0,0.9437914400000001,-0.11808064424839959
2026-07-16,0,0.0,-0.007871536523929468,0,76100,0.0,0.0,0.0,-0.0,-0.0,0.0,-0.0,-0.0,0.9437914400000001,-0.11808064424839959
2026-07-17,0,0.0,-0.03469127943984729,0,76100,0.0,0.0,0.0,-0.0,-0.0,0.0,-0.0,-0.0,0.9437914400000001,-0.11808064424839959
2026-07-20,1,1.0,0.009956853634251583,3100,80200,0.9896572064692599,1.9891682848914165,0.00497784764820499,0.009853871952896722,0.0048760243046917316,469805.0,930000.0000000007,460195.0000000007,0.9483933900000001,-0.1137803840349767
2026-07-21,0,0.0,-0.04661016949152541,0,78300,0.0,0.0,0.0,-0.0,-0.0,0.0,-0.0,-0.0,0.9483933900000001,-0.1137803840349767
2026-07-22,1,1.0,-0.0034305317324184736,3200,82400,0.9835580992398103,1.9637420712095013,0.004907668114388693,-0.0033741272701193676,-0.00828179538450806,465440.0,-319999.9999999952,-785439.9999999952,0.9405389900000002,-0.12111987356013632
2026-07-23,0,0.0,-0.0017211703958691649,0,83900,0.0,0.0,0.0,-0.0,-0.0,0.0,-0.0,-0.0,0.9405389900000002,-0.12111987356013632
2026-07-24,0,0.0,-0.018771331058020535,0,85700,0.0,0.0,0.0,-0.0,-0.0,0.0,-0.0,-0.0,0.9405389900000002,-0.12111987356013632
2026-07-27,0,0.0,0.021126760563380254,0,84400,0.0,0.0,0.0,0.0,0.0,0.0,0.0,0.0,0.9405389900000002,-0.12111987356013632
2026-07-28,0,0.0,0.0034188034188034067,0,83400,0.0,0.0,0.0,0.0,0.0,0.0,0.0,0.0,0.9405389900000002,-0.12111987356013632
2026-07-29,0,0.0,0.03395585738539908,0,84500,0.0,0.0,0.0,0.0,0.0,0.0,0.0,0.0,0.9405389900000002,-0.12111987356013632
2026-07-30,0,0.0,0.0,0,87500,0.0,0.0,0.0,0.0,0.0,0.0,0.0,0.0,0.9405389900000002,-0.12111987356013632
2026-07-31,0,0.0,0.019230769230769384,0,91500,0.0,0.0,0.0,0.0,0.0,0.0,0.0,0.0,0.9405389900000002,-0.12111987356013632
2026-08-03,0,0.0,-0.0015673981191222097,0,91900,0.0,0.0,0.0,-0.0,-0.0,0.0,-0.0,-0.0,0.9405389900000002,-0.12111987356013632
2026-08-04,0,0.0,-0.007788161993769416,0,93300,0.0,0.0,0.0,-0.0,-0.0,0.0,-0.0,-0.0,0.9405389900000002,-0.12111987356013632
2026-08-05,0,0.0,-0.014150943396226356,0,93600,0.0,0.0,0.0,-0.0,-0.0,0.0,-0.0,-0.0,0.9405389900000002,-0.12111987356013632
2026-08-06,0,0.0,0.03338632750397452,0,93800,0.0,0.0,0.0,0.0,0.0,0.0,0.0,0.0,0.9405389900000002,-0.12111987356013632
