year,quarter,ratioTTMId,ratioType,organCode,yearReport,numberOfSharesMktCap,marketCap,dividendYield,pe,pb,ps,priceToCashFlow,evToEbitda,cashRatio,quickRatio,currentRatio,ownersEquity,debtPerEquity,debtToEquity,roe,roa,daySaleOutstanding,daysInventoryOutstanding,daysPayableOutstanding,grossMargin,ebitMargin,preTaxProfitMargin,afterTaxProfitMargin,assetTurnover,netInterestMargin,averageYieldOnEarningAssets,averageCostOfFinancing,nonAndInterestIncome,costToIncome,loansGrowth,depositGrowth,equityToLiabilities,equityToLoans,totalEquityTotalAsset,ldrLoanDepositRatio,npl,loansLossReservesToNPLs,loansLossReserveToLoans,provisionToOutstandingLoans,ebit,ebitda,roic,cashCycle,fixedAssetTurnover,financialLeverage,cir,car,equity,casaRatio,nob66,nob69,nob70,bsb113,ratioYearId
2018,1,2699060,RATIO_TTM,CTD,2018,78288344,11821539944000.0,0.0,7.089821781,1.5425451455,0.4361608967,40.0029161851,6.7023079745,0.18936689,1.5617869006,1.8982398406,0.0,0.0,0.8874804796,0.2328884554,0.1156628397,63.3968349281,26.6253083967,48.0699351862,0.0708414924,0.0547778963,0.0750161414,0.0605930382,1.90884701,0.0,0.0,0.0,0.0,0.0,0.0,0.0,0.0,0.0,0.0,0.0,0.0,0.0,0.0,0.0,1484679378643.0,1571780909298.0,0.1935650293,142.8842402872,37.0221319059,0.8874804796,0.0,,,,,,,0.0,
2018,2,2713576,RATIO_TTM,CTD,2018,78288344,12095549148000.0,0.0,7.2170192267,1.5898305224,0.4139175293,-13.5111012208,7.150053546,0.0761241242,1.5575353484,1.8050519347,0.0,0.0,1.0143739338,0.2253253229,0.1119082063,67.9753686308,25.9085428332,47.3205446792,0.0679940464,0.0518927469,0.0701822302,0.0567311029,1.9726076273,0.0,0.0,0.0,0.0,0.0,0.0,0.0,0.0,0.0,0.0,0.0,0.0,0.0,0.0,0.0,1516416257537.0,1609623896163.0,0.1993166926,145.7975945492,38.9728180623,1.0143739338,0.0,,,,,,,0.0,
2018,3,2715590,RATIO_TTM,CTD,2018,75478873,10793478839000.0,0.0,6.4864888945,1.3355770236,0.3633541369,-25.6473892018,6.2156311057,0.1369220061,1.7523610041,1.9568673378,0.0,0.0,0.8689510904,0.2157058969,0.1085828988,73.8655032109,24.7021864119,50.4332225489,0.0671056129,0.0500044699,0.0688813752,0.0556716743,1.9504155408,0.0,0.0,0.0,0.0,0.0,0.0,0.0,0.0,0.0,0.0,0.0,0.0,0.0,0.0,0.0,1485388862459.0,1582051231217.0,0.1838009103,153.8308263313,39.3037302571,0.8689510904,0.0,,,,,,,0.0,
2018,4,2717008,RATIO_TTM,CTD,2018,76378873,9127275323500.0,0.0,6.1992688692,1.1462835943,0.3195728766,-10.0262496286,5.7444720682,0.0624573436,1.5681110312,1.7311957879,0.0,0.0,1.1127882343,0.1978374013,0.0923785931,93.609491622,22.6510506012,71.3115492683,0.0641791755,0.0464900281,0.0655783636,0.052883831,1.7468211249,0.0,0.0,0.0,0.0,0.0,0.0,0.0,0.0,0.0,0.0,0.0,0.0,0.0,0.0,0.0,1327795059703.0,1421756991966.0,0.1667561939,192.351200931,38.8730735813,1.1127882343,0.0,,,,,,,0.0,
2018,5,12237580,RATIO_YEAR,CTD,2018,76378873,9127275323500.0,0.0437956204,3.7405840637,0.6740749871,0.187925644,-5.7472644315,3.3862919586,0.0624573436,1.0853441637,1.7311957879,0.0,0.0,1.1127882343,0.1978374013,0.0923785931,93.609491622,22.6510506012,71.3115492683,0.0641791755,0.0464900281,0.0655783636,0.052883831,1.7468211249,0.0,0.0,0.0,0.0,0.0,0.0,0.0,0.0,0.0,0.0,0.0,0.0,0.0,0.0,0.0,1327795059703.0,1421756991966.0,0.1667561939,192.351200931,38.8730735813,1.1127882343,0.0,,,,,,,0.0,12237580.0
2019,1,2723554,RATIO_TTM,CTD,2019,76378873,8592623212500.0,0.0,6.2069612682,1.0476712911,0.3015088222,-37.1765413095,5.6335728165,0.0871043184,1.7515173546,1.9765748049,0.0,0.0,0.8364411361,0.1769275014,0.0904414336,90.205360903,21.640166149,58.6874928269,0.0638842883,0.0464459081,0.0618247699,0.0494390071,1.8293537613,0.0,0.0,0.0,0.0,0.0,0.0,0.0,0.0,0.0,0.0,0.0,0.0,0.0,0.0,0.0,1323650116832.0,1419325241065.0,0.1613884599,176.7502884735,38.108419187,0.8364411361,0.0,,,,,,,0.0,
2019,2,2726295,RATIO_TTM,CTD,2019,76292573,6660341622900.0,0.0,6.0973497812,0.8303838078,0.2563094859,18.0897355575,5.5161420515,0.099137496,1.6788856662,1.8653765174,0.0,0.0,0.9447089538,0.1369662678,0.0706123821,100.8166116971,21.6765322325,66.7647561556,0.0554383265,0.0374568365,0.0532350924,0.042518006,1.6607641966,0.0,0.0,0.0,0.0,0.0,0.0,0.0,0.0,0.0,0.0,0.0,0.0,0.0,0.0,0.0,973336302301.0,1071411257773.0,0.1213515388,197.1205197666,34.4996781332,0.9447089538,0.0,,,,,,,0.0,
2019,3,2730677,RATIO_TTM,CTD,2019,76292573,4081652655500.0,0.0,5.1564345845,0.4988445251,0.1694593122,-6.3433548948,4.0774275354,0.1426229114,1.7590020155,1.9834635008,0.0,0.0,0.8219549828,0.0982926624,0.0509962535,109.6640420637,23.4910182381,68.9564689863,0.0464869539,0.0280064327,0.0416062408,0.0330655402,1.5422537296,0.0,0.0,0.0,0.0,0.0,0.0,0.0,0.0,0.0,0.0,0.0,0.0,0.0,0.0,0.0,674572136639.0,775592250885.0,0.0820045733,212.2166299839,30.6749177978,0.8219549828,0.0,,,,,,,0.0,
2019,4,2734904,RATIO_TTM,CTD,2019,76292573,4707251754100.0,0.0,6.8787415249,0.5593572571,0.1983418089,-14.4285645092,5.4297483622,0.1038601748,1.6991703916,1.9100990057,0.0,0.0,0.9126034719,0.0865250873,0.043055717,130.7191972204,24.6968647384,83.5427221431,0.0441623854,0.024823128,0.0375312799,0.0299547361,1.4374115781,0.0,0.0,0.0,0.0,0.0,0.0,0.0,0.0,0.0,0.0,0.0,0.0,0.0,0.0,0.0,589127997735.0,697641961639.0,0.0695585996,245.5133822841,32.7761117338,0.9126034719,0.0,,,,,,,0.0,
2019,5,12244991,RATIO_YEAR,CTD,2019,76292573,4707251754100.0,0.0437956204,8.2326965491,0.6451179007,0.2287515711,-16.0187466593,6.6340276763,0.1038601748,1.2448920565,1.9100990057,0.0,0.0,0.9126034719,0.0865250873,0.043055717,130.7191972204,24.6968647384,83.5427221431,0.0441623854,0.024823128,0.0375312799,0.0299547361,1.4374115781,0.0,0.0,0.0,0.0,0.0,0.0,0.0,0.0,0.0,0.0,0.0,0.0,0.0,0.0,0.0,589127997735.0,697641961639.0,0.0695585996,245.5133822841,32.7761117338,0.9126034719,0.0,,,,,,,0.0,12244991.0
2020,1,2749134,RATIO_TTM,CTD,2020,76292573,6179698413000.0,0.0,9.5785394579,0.7237135253,0.2682454412,-9.395200116,9.0749892195,0.0714505687,1.9069829279,2.1441852907,0.0,0.0,0.7303209972,0.0775154065,0.0418793121,118.2181591876,24.976086743,63.5388336657,0.0420703325,0.0229190447,0.0351116664,0.0280228901,1.4946533879,0.0,0.0,0.0,0.0,0.0,0.0,0.0,0.0,0.0,0.0,0.0,0.0,0.0,0.0,0.0,527996985441.0,637565763669.0,0.0614451331,216.0164198446,30.4012986752,0.7303209972,0.0,,,,,,,0.0,
2020,2,2752110,RATIO_TTM,CTD,2020,76292573,4302901117200.0,0.0,6.3395903741,0.5142687215,0.2027708434,-6.2648068098,5.7249394977,0.0345765787,1.9027932003,2.0908537164,0.0,0.0,0.7808724482,0.0805576245,0.0444797285,133.0892188304,26.4667758281,64.7529127459,0.0484846145,0.0288464399,0.0401384658,0.0319991835,1.3903238071,0.0,0.0,0.0,0.0,0.0,0.0,0.0,0.0,0.0,0.0,0.0,0.0,0.0,0.0,0.0,612136223868.0,721644765529.0,0.0726898803,232.6620649454,28.9705702829,0.7808724482,0.0,,,,,,,0.0,
2020,3,2754356,RATIO_TTM,CTD,2020,76292573,5256558279700.0,0.0,8.7242464995,0.6216600031,0.2957878884,-21.0544510421,7.7916782423,0.0660146234,2.0561232037,2.3212680782,0.0,0.0,0.6517283171,0.0708985557,0.0400877263,160.0858962087,31.4431638858,75.18063756,0.053078546,0.0296024095,0.042609813,0.0339147458,1.182382728,0.0,0.0,0.0,0.0,0.0,0.0,0.0,0.0,0.0,0.0,0.0,0.0,0.0,0.0,0.0,526075599052.0,635011473496.0,0.061819357,274.3963936456,26.675873523,0.6517283171,0.0,,,,,,,0.0,
2020,4,2758250,RATIO_TTM,CTD,2020,74283673,4717013235500.0,0.0,15.0510602927,0.565288529,0.3240132731,-8.8784367193,14.2952508133,0.2653780486,1.9772935986,2.2366354619,0.0,0.0,0.6856733938,0.0396455829,0.0220300356,200.302532618,41.9345633247,104.9389336761,0.0588268944,0.0137756367,0.0293964627,0.0229806492,0.9591492516,0.0,0.0,0.0,0.0,0.0,0.0,0.0,0.0,0.0,0.0,0.0,0.0,0.0,0.0,0.0,200546909945.0,308372346526.0,0.0238784144,352.6408764395,22.2548379514,0.6856733938,0.0,,,,,,,0.0,
2020,5,12249383,RATIO_YEAR,CTD,2020,74283673,4717013235500.0,0.0091324201,25.9541905834,1.0400252118,0.5961238476,-15.3100601695,23.6131992874,0.2653780486,1.5947881875,2.2366354619,0.0,0.0,0.6856733938,0.0396455829,0.0220300356,200.302532618,41.9345633247,104.9389336761,0.0588268944,0.0137756367,0.0293964627,0.0229806492,0.9591492516,0.0,0.0,0.0,0.0,0.0,0.0,0.0,0.0,0.0,0.0,0.0,0.0,0.0,0.0,0.0,200546909945.0,308372346526.0,0.0238784144,352.6408764395,22.2548379514,0.6856733938,0.0,,,,,,,0.0,12249383.0
2021,1,2761479,RATIO_TTM,CTD,2021,74283673,4605587726000.0,0.0,11.9404419104,0.5535028592,0.3383544499,-9.2112723746,10.5295601005,0.13569079339504242,2.255617618560791,2.5193963050842285,0.0,0.0,0.5619902014732361,0.04662162810564041,0.027998579666018486,201.52316284179688,38.96736526489258,87.21002960205078,0.0581747442483902,0.020224682986736298,0.036984965205192566,0.028982672840356827,0.9664261937141418,0.0,0.0,0.0,0.0,0.0,0.0,0.0,0.0,0.0,0.0,0.0,0.0,0.0,0.0,0.0,275292848128.0,381963534336.0,0.03287052363157272,332.4042053222656,22.04373550415039,0.5619902014732361,0.0,,,,,,,0.0,
2021,3,2767396,RATIO_TTM,CTD,2021,73859473,7312087827000.0,0.0,40.8112375446,0.8856447745,0.6973410085,-54.390418265,75.3835163572,0.26510199,2.1952291609,2.5448306373,0.0,0.0,0.5655518513,0.0216372634,0.0134653059,246.0825321652,54.3618489567,102.9245886816,0.0507113046,-0.0022566448,0.0224230822,0.0173222369,0.777773629,0.0,0.0,0.0,0.0,0.0,0.0,0.0,0.0,0.0,0.0,0.0,0.0,0.0,0.0,0.0,-23662433448.0,81475141207.0,-0.0028471065,406.030187005,18.2775003008,0.5655518513,0.0,,,,,,,0.0,
2021,4,2765594,RATIO_TTM,CTD,2021,73859473,4099200751500.0,0.0,171.5648951382,0.5003471965,0.4515574961,9.7796035331,-21.4437479907,0.26510199,2.1952291609,2.5448306373,0.0,0.0,0.5655518513,0.0216372634,0.0134653059,246.0825321652,54.3618489567,102.9245886816,0.0507113046,-0.0022566448,0.0224230822,0.0173222369,0.777773629,0.0,0.0,0.0,0.0,0.0,0.0,0.0,0.0,0.0,0.0,0.0,0.0,0.0,0.0,0.0,-23662433448.0,81475141207.0,-0.0028471065,406.030187005,18.2775003008,0.5655518513,0.0,,,,,,,0.0,
2021,5,12262828,RATIO_YEAR,CTD,2021,73859473,4099200751500.0,0.0,108.6119996392,0.318269375,0.2872343906,6.1911400613,-12.625424496,0.1559096434,1.4643172018,2.2470775976,0.0,0.0002090574,0.6883309899,0.0028844224,0.001709804,295.9485402368,67.2247223432,133.5228968744,0.0303150617,-0.0265590127,0.0042029415,0.0026559873,0.6465285225,0.0,0.0,0.0,0.0,0.0,0.0,0.0,0.0,0.0,0.0,0.0,0.0,0.0,0.0,0.0,-241100470406.0,-136589721426.0,-0.0292268326,502.5624133676,15.9967067175,0.6883309899,0.0,,,,,,,0.0,12262828.0
2022,1,2770158,RATIO_TTM,CTD,2022,73859473,4564515431400.0,0.0,-4329.0361394791,0.5551627458,0.5400727644,20.0702509583,-28.5993276434,0.1559096434,1.9488516533,2.2470775976,0.0,0.0002090574,0.6883309899,0.0028844224,0.001709804,295.9485402368,67.2247223432,133.5228968744,0.0303150617,-0.0265590127,0.0042029415,0.0026559873,0.6465285225,0.0,0.0,0.0,0.0,0.0,0.0,0.0,0.0,0.0,0.0,0.0,0.0,0.0,0.0,0.0,-241100470406.0,-136589721426.0,-0.0292268326,502.5624133676,15.9967067175,0.6883309899,0.0,,,,,,,0.0,
2022,2,2777327,RATIO_TTM,CTD,2022,73859473,3416000626250.0,0.0,-48.9530185202,0.4166829464,0.3720368069,-2.8991437585,-11.8511581415,0.1447292406,1.7063284785,1.9760604761,0.0640958985,0.1602786184,1.0193153187,-0.0084509285,-0.0046865843,308.7748353113,72.2302788928,107.4977717476,0.0322122868,-0.0465139242,-0.0086513768,-0.0075867414,0.6165663297,0.0,0.0,0.0,0.0,0.0,0.0,0.0,0.0,0.0,0.0,0.0,0.0,0.0,0.0,0.0,-427085683821.0,-322087252669.0,-0.0448965022,505.3662521385,16.9163706326,1.0193153187,0.0,,,,,,,0.0,
2022,3,2779756,RATIO_TTM,CTD,2022,73859473,2574002634050.0,0.0,-41.8718625246,0.3141117399,0.2293119715,-1.4273924423,-11.3500903224,0.0743212881,1.4886082829,1.8424836978,0.0640389381,0.1786087221,1.1667458704,-0.0074734006,-0.0038252099,275.2934683303,71.975087671,93.5997292723,0.0277790612,-0.0377794111,-0.0062903739,-0.0054679529,0.6981393171,0.0,0.0,0.0,0.0,0.0,0.0,0.0,0.0,0.0,0.0,0.0,0.0,0.0,0.0,0.0,-424069895531.0,-319141838645.0,-0.0439049819,459.8680227041,20.442128111,1.1667458704,0.0,,,,,,,0.0,
2022,4,2782763,RATIO_TTM,CTD,2022,73859473,3386456837050.0,0.0,163.5452726382,0.4123075262,0.2329551375,-2.0818635887,-23.9865673908,0.1284271469,1.430305822,1.7078038121,0.0638075851,0.1311413094,1.309125773,0.0025164379,0.0012594186,227.0505659146,60.1274949216,108.0919218444,0.0334825508,-0.0170616292,0.0023956578,0.001430275,0.8839284945,0.0,0.0,0.0,0.0,0.0,0.0,0.0,0.0,0.0,0.0,0.0,0.0,0.0,0.0,0.0,-248024024367.0,-141735326573.0,-0.0266946471,401.1961402399,26.6442529512,1.309125773,0.0,,,,,,,0.0,
2022,5,12273218,RATIO_YEAR,CTD,2022,73859473,3386456837050.0,0.0,261.8533505346,0.6603285732,0.3730878622,-3.3332847062,-38.3553541717,0.1284271469,1.2270761222,1.7078038121,0.0638075851,0.1311413094,1.309125773,0.0025249332,0.0012594186,227.0505659146,60.1274949216,108.0919218444,0.0334825508,-0.0170616292,0.0023956578,0.001430275,0.8839284945,0.0,0.0,0.0,0.0,0.0,0.0,0.0,0.0,0.0,0.0,0.0,0.0,0.0,0.0,0.0,-248024024367.0,-141735326573.0,-0.0266946471,401.1961402399,26.6442529512,1.309125773,0.0,,,,,,,0.0,12273218.0
2023,1,2795452,RATIO_TTM,CTD,2023,74414258,5804312124000.0,0.0,425.3512122625,0.704790353,0.3684322996,-93.9261460269,-42.5176476409,0.1980003722,1.4187742132,1.642514751,0.0605171936,0.1412079444,1.4334221415,0.0016533547,0.0007405845,230.4433810468,64.8698456726,88.5156467806,0.0301954414,-0.0154176702,0.0016076831,0.0008620406,0.8594839653,0.0,0.0,0.0,0.0,0.0,0.0,0.0,0.0,0.0,0.0,0.0,0.0,0.0,0.0,0.0,-242891218030.0,-136827872007.0,-0.0258421988,396.0621653331,28.4886248383,1.4334221415,0.0,,,,,,,0.0,
2023,2,2798958,RATIO_TTM,CTD,2023,99216719,5337859482200.0,0.0,78.7152496737,0.6453520607,0.331701923,8.8199882146,-358.8690614401,0.1691899779,1.3279252657,1.5777147017,0.0601724276,0.1444745549,1.5841123376,0.0082116689,0.0034590554,241.3839928734,69.2958227692,100.5042369565,0.0224606589,-0.0073069697,0.0057487718,0.0041989531,0.8235725793,0.0,0.0,0.0,0.0,0.0,0.0,0.0,0.0,0.0,0.0,0.0,0.0,0.0,0.0,0.0,-117555463391.0,-13004555089.0,-0.0124177047,423.3416076066,29.3579834256,1.5841123376,0.0,,,,,,,0.0,
2023,3,2801207,RATIO_TTM,CTD,2023,99216719,6707050204400.0,0.0,48.6665624784,0.8044119552,0.392257627,4.4318437504,77.4375082733,0.2101608465,1.365086355,1.6150867703,0.0596085578,0.1358829929,1.4646206204,0.0166662048,0.0068075434,235.5290344417,64.1096426854,101.8860560943,0.0250715504,-0.0017407521,0.0106270404,0.008053549,0.845079682,0.0,0.0,0.0,0.0,0.0,0.0,0.0,0.0,0.0,0.0,0.0,0.0,0.0,0.0,0.0,-29764396745.0,72518005070.0,-0.0031425596,409.520102152,32.3985403944,1.4646206204,0.0,,,,,,,0.0,
2023,4,2803669,RATIO_TTM,CTD,2023,99930014,7085037992600.0,0.0,37.3875454097,0.8427634569,0.428663233,4.788363245,47.4048330677,0.2404478993,1.3562727017,1.5604844702,0.059036426,0.1282528185,1.5753276702,0.0226082286,0.0089902056,247.7603957623,64.9793689871,109.5054556401,0.0257727914,0.001679126,0.0147788841,0.0113697891,0.7906391877,0.0,0.0,0.0,0.0,0.0,0.0,0.0,0.0,0.0,0.0,0.0,0.0,0.0,0.0,0.0,27752955961.0,126434395354.0,0.002925765,429.8591708679,32.6402490834,1.5753276702,0.0,,,,,,,0.0,
2023,5,12276468,RATIO_YEAR,CTD,2023,99930014,7085037992600.0,0.0,37.882502979,0.8468751973,0.4307546287,4.8517543184,42.3595211905,0.2404478993,1.1697968288,1.5604844702,0.059036426,0.1282528185,1.5753276702,0.0226155638,0.009253763,249.5049315423,63.1498154001,124.205210517,0.0257727914,0.001679126,0.0147788841,0.0113697891,0.8138176184,0.0,0.0,0.0,0.0,0.0,0.0,0.0,0.0,0.0,0.0,0.0,0.0,0.0,0.0,0.0,27752955961.0,126434395354.0,0.002925765,440.7186867188,31.9524594206,1.5753276702,0.0,,,,,,,0.0,12276468.0
2024,1,2807083,RATIO_TTM,CTD,2024,99930014,7354849030400.0,0.0,26.9725209794,0.8633278303,0.4071456092,-7.4125193127,45.5870664582,0.211590146,1.2647074731,1.5007596395,0.0026572118,0.1762360696,1.4570009808,0.0322936651,0.0128146136,228.8976785082,61.9586499288,106.4332006419,0.032724561,0.0046869871,0.019436957,0.0149884665,0.8550120374,0.0,0.0,0.0,0.0,0.0,0.0,0.0,0.0,0.0,0.0,0.0,0.0,0.0,0.0,0.0,84667701338.0,122654638176.0,0.0084488701,401.5997216815,36.628888733,1.4570009808,0.0,,,,,,,0.0,
2024,2,2810754,RATIO_TTM,CTD,2024,99930014,6445485903000.0,0.0,20.7340286462,0.7502834857,0.3062692933,264.5372823486,32.971824954,0.1733653349,1.2184242768,1.4382135807,0.0024579248,0.1792881572,1.6618628187,0.036576378,0.0143978682,199.3200414272,53.1649322011,95.7978449997,0.0338564851,0.0062547521,0.0183682164,0.0147108684,0.9787938549,0.0,0.0,0.0,0.0,0.0,0.0,0.0,0.0,0.0,0.0,0.0,0.0,0.0,0.0,0.0,131632252040.0,175177395239.0,0.0129922733,348.878739125,44.1865740356,1.6618628187,0.0,,,,,,,0.0,
2024,3,2814508,RATIO_TTM,CTD,2024,99930014,7075044991200.0,0.0141242938,21.0156359151,0.8150958838,0.3263380332,-12.1451872193,25.7268964456,0.1298919695,1.1843173878,1.4205118922,0.0022799716,0.2663982699,1.7329802056,0.0392854499,0.0150647876,199.8367745392,54.5463597187,97.8577602891,0.0377184148,0.0092967111,0.0192295002,0.0154928265,0.9724487815,0.0,0.0,0.0,0.0,0.0,0.0,0.0,0.0,0.0,0.0,0.0,0.0,0.0,0.0,0.0,201553734475.0,248979798767.0,0.018334659,349.8883390577,46.4879450958,1.7329802056,0.0,,,,,,,0.0,
2024,4,2815974,RATIO_TTM,CTD,2024,99930014,7754569086400.0,0.0128865979,20.7803548061,0.8923758437,0.3385420582,-10.3023343244,27.8537526517,0.1497507151,1.0846090053,1.3572612101,0.0021375923,0.3052249553,2.1166213818,0.043266763,0.0157681641,197.0073331209,61.8524767058,98.4044148375,0.0371121243,0.0108858213,0.0201943624,0.0162834844,0.9684290965,0.0,0.0,0.0,0.0,0.0,0.0,0.0,0.0,0.0,0.0,0.0,0.0,0.0,0.0,0.0,249348202148.0,300216438109.0,0.0219828262,354.0370665752,49.6753013093,2.1166213818,0.0,,,,,,,0.0,
2024,5,12280126,RATIO_YEAR,CTD,2024,99930014,7754569086400.0,0.0131578947,21.207997802,0.9065294723,0.3438489616,-9.1898082992,26.4365236261,0.1498045003,0.8979338083,1.3551165357,0.0021379813,0.3052805035,2.1163054342,0.0434480832,0.0152425547,201.6855394369,64.1414030441,106.9289758004,0.0369219485,0.0109219271,0.0202304681,0.0162144504,0.9401339047,0.0,0.0,0.0,0.0,0.0,0.0,0.0,0.0,0.0,0.0,0.0,0.0,0.0,0.0,0.0,250175232304.0,304504126865.0,0.0220588133,372.7440339308,49.3630735059,2.1163054342,0.0,,,,,,,0.0,12280126.0
2025,1,2821186,RATIO_TTM,CTD,2025,101430014,8611408188600.0,0.0,26.2317305398,0.9846176136,0.3704988269,-8.3655020042,25.0157633347,0.1243985731,1.0794217862,1.377297599,0.0019849585,0.3231834619,1.9934963847,0.0372988734,0.0129637231,201.1889406491,70.0022653706,100.5438288644,0.0336006305,0.0113796557,0.0167962662,0.0139245309,0.9310873282,0.0,0.0,0.0,0.0,0.0,0.0,0.0,0.0,0.0,0.0,0.0,0.0,0.0,0.0,0.0,264494387563.0,381418601869.0,0.0228540073,369.8433570958,51.7691152197,1.9934963847,0.0,,,,,,,0.0,
2025,2,2823442,RATIO_TTM,CTD,2025,101430014,8520121176000.0,0.0,18.4007049111,0.9504179662,0.3423862457,-7.2764919398,14.7518854995,0.1369168166,1.06358889,1.3519422184,0.0003152201,0.3331753248,2.312988502,0.0520183123,0.0171040294,197.5559505156,76.1736204545,99.1034907522,0.0327569881,0.0193902611,0.022182904,0.0183331519,0.9330117718,0.0,0.0,0.0,0.0,0.0,0.0,0.0,0.0,0.0,0.0,0.0,0.0,0.0,0.0,0.0,482517554881.0,596218038148.0,0.0403708205,375.3759269398,55.8622002283,2.312988502,0.0,,,,,,,0.0,
2025,3,2826866,RATIO_TTM,CTD,2025,106500404,8211181148400.0,0.0129701686,12.3461708151,0.8867181015,0.2977503902,-5.0660091087,15.4258451887,0.0758403372,1.0243213805,1.3394442952,0.0,0.4104364299,2.3666444367,0.0738185264,0.0230622305,188.0462696497,80.3120307702,97.2529835973,0.0337781603,0.0203509757,0.0294558209,0.0238637558,0.9664525813,0.0,0.0,0.0,0.0,0.0,0.0,0.0,0.0,0.0,0.0,0.0,0.0,0.0,0.0,0.0,561226966710.0,674515592977.0,0.0429673114,370.4008504315,59.9791190821,2.3666444367,0.0,,,,,,,0.0,
2025,4,2829961,RATIO_TTM,CTD,2025,106500404,8754333208800.0,0.0121654501,11.1263013599,0.9328244577,0.2851662692,-10.4623494122,13.1500115051,0.0743322232,0.9979005239,1.3025264806,0.0191701057,0.5585474988,2.6697926962,0.0864626574,0.0254008556,173.5207053688,78.5653927519,93.7475808895,0.0360063653,0.0235176339,0.031308041,0.0254518178,0.9980330319,0.0,0.0,0.0,0.0,0.0,0.0,0.0,0.0,0.0,0.0,0.0,0.0,0.0,0.0,0.0,721968991017.0,832556319119.0,0.0493569854,349.5348218941,60.869567355,2.6697926962,0.0,,,,,,,0.0,
2025,5,12283638,RATIO_YEAR,CTD,2025,106500404,8754333208800.0,0.0161290323,8.2236099754,0.6846485698,0.2092984127,-7.7328735048,11.7955076603,0.0743322232,0.7325154857,1.3025264806,0.0191701057,0.5585474988,2.6697926962,0.0864626574,0.0254008556,173.5207053688,78.5653927519,93.7475808895,0.0360063653,0.0235176339,0.031308041,0.0254518178,0.9980330319,0.0,0.0,0.0,0.0,0.0,0.0,0.0,0.0,0.0,0.0,0.0,0.0,0.0,0.0,0.0,721968991017.0,832556319119.0,0.0493569854,349.5348218941,60.869567355,2.6697926962,0.0,,,,,,,0.0,12283638.0
2026,1,2832512,RATIO_TTM,CTD,2026,111823220,7548067350000.0,0.0,8.9226720919,0.7943809383,0.2351009039,-6.3045889712,14.1456929993,0.0610089252,0.9978969143,1.3822097196,0.1645167162,0.7404072704,2.6503238362,0.0908738353,0.0259402967,167.9973420966,88.1767728336,88.1115615391,0.0385111943,0.025518659,0.0327424919,0.0262614863,0.987803195,0.0,0.0,0.0,0.0,0.0,0.0,0.0,0.0,0.0,0.0,0.0,0.0,0.0,0.0,0.0,819293135309.0,929250463073.0,0.0495398728,354.2074703767,62.8851067637,2.6503238362,0.0,,,,,,,0.0,
2026,2,2834602,RATIO_TTM,CTD,2026,111823220,6933039640000.0,0.0,8.7998875515,0.7183537198,0.2018962171,8.4980599766,10.172098012,0.1429572221,0.9731879692,1.3330092071,0.1597276787,0.6157324056,3.0148509391,0.0833752168,0.0226626972,158.4145662254,93.5239126576,86.2299067333,0.0421057034,0.0223703763,0.0297029797,0.0229440359,0.9877807017,0.0,0.0,0.0,0.0,0.0,0.0,0.0,0.0,0.0,0.0,0.0,0.0,0.0,0.0,0.0,768190250917.0,878977866339.0,0.0492591912,348.0299264981,64.1651868335,3.0148509391,0.0,,,,,,,0.0,
