item,item_en,item_id,2018-Q1,2018-Q2,2018-Q3,2018-Q4,2019-Q1,2019-Q2,2019-Q3,2019-Q4,2020-Q1,2020-Q2,2020-Q3,2020-Q4,2021-Q1,2021-Q2,2021-Q3,2021-Q4,2022-Q1,2022-Q2,2022-Q3,2022-Q4,2023-Q1,2023-Q2,2023-Q3,2023-Q4,2024-Q1,2024-Q2,2024-Q3,2024-Q4,2025-Q1,2025-Q2,2025-Q3,2025-Q4,2026-Q1,2026-Q2
Doanh thu bán hàng và cung cấp dịch vụ,Sales,sales,817634535287.0,876206980429.0,1053380730613.0,1388976804999.0,914017921907.0,1067603733185.0,1140926947404.0,1396604174653.0,826045260744.0,898297235114.0,810544253041.0,943834750954.0,707322627336.0,1080731742346.0,656115814848.0,1060255737260.0,1219478753489.0,1305830174794.0,1247978424052.0,1161218492134.0,1157603357241.0,1090877619337.0,1100743562157.0,1112562956111.0,1016226486382.0,1209204299276.0,1344998186838.0,1368682928274.0,1111470712658.0,1744793066685.0,2007871771210.0,2128355118628.0,1844946611752.0,1992437042039.0
Các khoản giảm trừ doanh thu,Sales deductions,sales_deductions,-2903667746.0,-7690570899.0,-1930440719.0,-5684978759.0,-3751640854.0,-3110519139.0,-13513606476.0,-17910544055.0,-14880565202.0,-14203785577.0,-2246855537.0,-7475583490.0,-1463542818.0,-6363731565.0,-316091318.0,-2356234815.0,-311032327.0,-11312062857.0,-9296349764.0,-16939359083.0,-2404970502.0,-16583485410.0,-1922667174.0,-1753738880.0,-217782258.0,-15791434691.0,-3976876226.0,-7859834682.0,-5207520873.0,-18561410724.0,-7788795874.0,-9424683345.0,-3650493818.0,-55391322524.0
Doanh thu thuần,Net sales,net_sales,814730867541.0,868516409530.0,1051450289894.0,1383291826240.0,910266281053.0,1064493214046.0,1127413340928.0,1378693630598.0,811164695542.0,884093449537.0,808297397504.0,936359167464.0,705859084518.0,1074368010781.0,655799723530.0,1057899502445.0,1219167721162.0,1294518111937.0,1238682074288.0,1144279133051.0,1155198386739.0,1074294133927.0,1098820894983.0,1110809217231.0,1016008704124.0,1193412864585.0,1341021310612.0,1360823093592.0,1106263191785.0,1726231655961.0,2000082975336.0,2118930435283.0,1841296117934.0,1937045719515.0
Giá vốn hàng bán,Cost of sales,cost_of_sales,-676345003175.0,-744631072687.0,-883086569779.0,-951604071071.0,-633008091160.0,-839922597110.0,-890807754838.0,-1074555698641.0,-689808534919.0,-794134407471.0,-701232031898.0,-770068477899.0,-563561220829.0,-936210796006.0,-586791196775.0,-854049642369.0,-860306359468.0,-839825105428.0,-951858384309.0,-909114878733.0,-951899894183.0,-1026112650257.0,-1014020341511.0,-996514859337.0,-914753549094.0,-1045599400424.0,-1168357194650.0,-1222183723943.0,-882568181308.0,-1239866071860.0,-1512594981479.0,-1693546716357.0,-1514988609186.0,-1625287899022.0
Lợi nhuận gộp,Gross Profit,gross_profit,138385864366.0,123885336843.0,168363720115.0,431687755169.0,277258189893.0,224570616936.0,236605586090.0,304137931957.0,121356160623.0,89959042066.0,107065365606.0,166290689565.0,142297863689.0,138157214775.0,69008526755.0,203849860076.0,358861361694.0,454693006509.0,286823689979.0,235164254318.0,203298492556.0,48181483670.0,84800553472.0,114294357894.0,101255155030.0,147813464161.0,172664115962.0,138639369649.0,223695010477.0,486365584101.0,487487993857.0,425383718926.0,326307508748.0,311757820493.0
Doanh thu hoạt động tài chính,Financial income,financial_income,1716939799.0,31828551622.0,22740274569.0,17629244645.0,7905298001.0,18570103870.0,13708596720.0,12243828117.0,13058402489.0,12023747210.0,8453202842.0,9399630904.0,7444867562.0,7198730484.0,11936836497.0,14446836484.0,11298773346.0,16591231477.0,15757773274.0,36023954719.0,9064545904.0,7725908093.0,8333288294.0,6976266293.0,5238300146.0,10747529101.0,2418259578.0,14212851162.0,4611270219.0,14354979762.0,13295769213.0,18102283267.0,19510191787.0,25748826761.0
Chi phí tài chính,Financial expenses,financial_expenses,-9321568275.0,-23508028849.0,-20723559469.0,-21666578654.0,-9521686516.0,-15202052017.0,-16438975712.0,-18949174265.0,-16692449279.0,-22129829664.0,-13805921619.0,-27402665089.0,-24028304667.0,-31376113680.0,-21310502936.0,-39200472429.0,-24068290680.0,-45130634729.0,-49513736666.0,-69445744526.0,-36272402336.0,-46362153774.0,-36018746959.0,-45917400450.0,-24606734179.0,-27239372700.0,-28078018440.0,-23559258822.0,-17367174798.0,-19276119991.0,-16671249586.0,-20307753322.0,-21386003121.0,-38936283079.0
Chi phí lãi vay,Interest expenses,interest_expenses,-8861893761.0,-13430647540.0,-11338280607.0,-12287564846.0,-9151787091.0,-10898932102.0,-13794125096.0,-14979573262.0,-13754138276.0,-16573468546.0,-13348678523.0,-18935920279.0,-21238504666.0,-28939223970.0,-18036176168.0,-34745448073.0,-21904877982.0,-24289946377.0,-25778737202.0,-33152241631.0,-32525322422.0,-42982913781.0,-29299027468.0,-32485759646.0,-22401908444.0,-26566099893.0,-20471326945.0,-21907206275.0,-15755008215.0,-18208986128.0,-16143299241.0,-17992051897.0,-17091681278.0,-36194287594.0
Chi phí bán hàng,Selling expenses,selling_expenses,-34951134193.0,-45368201357.0,-30272116567.0,-50244519048.0,-41991650739.0,-45946208037.0,-46855356899.0,-55915834395.0,-55221933916.0,-36339674998.0,-38005675365.0,-55696129460.0,-43157670535.0,-86075731664.0,-65687005897.0,-86036531960.0,-97147082058.0,-113203829899.0,-97363648627.0,-70483909981.0,-54722486860.0,-42521766564.0,-37580664764.0,-53591974975.0,-34495714110.0,-68747384460.0,-82102647292.0,-94978099346.0,-50548543145.0,-95036250792.0,-119403263458.0,-113633499212.0,-67690602261.0,-119418558140.0
Chi phí quản lý doanh nghiệp,General and admin expenses,general_and_admin_expenses,-8235841292.0,39510657662.0,-8153959943.0,-31624879497.0,-11815267513.0,-7063383086.0,-10073711824.0,-17603698275.0,-12644313609.0,-11660677497.0,-13747737390.0,-18509106134.0,-11208237803.0,-6801065297.0,-13862224592.0,-24602525173.0,-13689839595.0,-41363027277.0,-21115408576.0,-18047485065.0,-18412497717.0,-23288357230.0,-16073043212.0,-17941927252.0,-18177088639.0,-26303368380.0,-20147080542.0,-21186913600.0,-18158865039.0,-17495872155.0,-20984938547.0,-15259573687.0,-19236526860.0,-21064207455.0
Lãi/(lỗ) từ hoạt động kinh doanh,Operating profit/(loss),operating_profit_loss,87594260405.0,126158007748.0,131954358705.0,343939750094.0,221834883126.0,174929077666.0,176946138375.0,223913053139.0,49855866308.0,31829941023.0,49959234074.0,73812764079.0,71348518246.0,20924500849.0,-19914370173.0,68744042514.0,235254922707.0,271489377150.0,134588669384.0,113253869750.0,102955651547.0,-58253939077.0,3461386831.0,1785140895.0,29213918248.0,34180156481.0,44754629266.0,11132985344.0,142231697714.0,368773662257.0,343724311479.0,295192223480.0,237504568293.0,159093818328.0
Thu nhập khác,Other incomes,other_incomes,271458984.0,1206381060.0,251281683.0,18771748.0,9165477445.0,3214125054.0,1283466344.0,23686869035.0,1973201293.0,6398011536.0,1860650820.0,24815838492.0,2756714422.0,3803314337.0,1534559375.0,2093786636.0,3104056296.0,1407655501.0,3086728286.0,13947994171.0,5892031697.0,7559500007.0,3843517038.0,3165536763.0,3218915283.0,4531654066.0,3294027823.0,4152445175.0,2075219750.0,1527992621.0,1691892380.0,730188194.0,995871400.0,3970835063.0
Chi phí khác,Other expenses,other_expenses,-35382198.0,-26317195.0,-1051036237.0,-76969343.0,-309849106.0,91165753.0,-4068012479.0,-177638460.0,-68416792.0,-394914628.0,-136576918.0,-273757058.0,-42382867.0,433483.0,-299807100.0,-77544686.0,-46829.0,-1348417818.0,-102861055.0,-966007318.0,-854440898.0,-1075036891.0,-210626155.0,-647140652.0,-1982241185.0,-41542415466.0,-10942478627.0,-1498010250.0,-53194862.0,-616799901.0,-1917321153.0,-1070153109.0,-1309201398.0,-96216942.0
"Thu nhập khác, ròng",Net other income/(expenses),net_other_income_expenses,236076786.0,1180063865.0,-799754554.0,-58197595.0,8855628339.0,3305290807.0,-2784546135.0,23509230575.0,1904784501.0,6003096908.0,1724073902.0,24542081434.0,2714331555.0,3803747820.0,1234752275.0,2016241950.0,3104009467.0,59237683.0,2983867231.0,12981986853.0,5037590799.0,6484463116.0,3632890883.0,2518396111.0,1236674098.0,-37010761400.0,-7648450804.0,2654434925.0,2022024888.0,911192720.0,-225428773.0,-339964915.0,-313329998.0,3874618121.0
Lãi/(lỗ) từ công ty liên doanh,Income from investments in other entities,income_from_investments_in_other_entities,0.0,0.0,0.0,0.0,0.0,0.0,0.0,0.0,0.0,0.0,0.0,0.0,0.0,0.0,0.0,0.0,0.0,0.0,0.0,0.0,0.0,0.0,0.0,0.0,0.0,0.0,0.0,0.0,0.0,0.0,0.0,0.0,0.0,0.0
Lãi/(lỗ) trước thuế,Net accounting profit/(loss) before tax,net_accounting_profit_loss_before_tax,87830337191.0,127338071613.0,131154604151.0,343881552499.0,230690511465.0,178234368473.0,174161592240.0,247422283714.0,51760650809.0,37833037931.0,51683307976.0,98354845513.0,74062849801.0,24728248669.0,-18679617898.0,70760284464.0,238358932174.0,271548614833.0,137572536615.0,126235856603.0,107993242346.0,-51769475961.0,7094277714.0,4303537006.0,30450592346.0,-2830604919.0,37106178462.0,13787420269.0,144253722602.0,369684854977.0,343498882706.0,294852258565.0,237191238295.0,162968436449.0
Thuế thu nhập doanh nghiệp - hiện thời,Business income tax - current,business_income_tax_current,-11871907281.0,-9863988481.0,-16983397399.0,-46973851596.0,-30746719124.0,-25450263633.0,-20310081815.0,-50852588286.0,-8929636693.0,417554313.0,-11976698402.0,-18812022510.0,-10198416834.0,-4525414247.0,6951925404.0,-13118060178.0,-30153481065.0,-38995676979.0,-22916042266.0,-22451642900.0,-10647106309.0,61306104.0,-6042939253.0,-4770672079.0,-10195193038.0,-2522850825.0,-7015274563.0,-5776652531.0,-13767443001.0,-34609702021.0,-60531068622.0,-41390517085.0,-39703404645.0,-33613464949.0
Thuế thu nhập doanh nghiệp - hoãn lại,Business income tax - deferred,business_income_tax_deferred,-39750000.0,0.0,0.0,-262500000.0,375000000.0,442500000.0,-1042500000.0,1125000000.0,528500000.0,-6116481178.0,316500000.0,6870312443.0,-64750000.0,3538922802.0,-1441550001.0,-4133760393.0,-1575500000.0,8134566065.0,5245250000.0,2741821267.0,-4975470527.0,663908145.0,-12347334.0,-50750761.0,-3352500000.0,3066265165.0,-2214707006.0,-2670499713.0,1530000000.0,-2262260586.0,110000000.0,-1890862962.0,-2130000000.0,5515009555.0
Chi phí thuế thu nhập doanh nghiệp,Corporate income tax expenses,corporate_income_tax_expenses,-11911657281.0,-9863988481.0,-16983397399.0,-47236351596.0,-30371719124.0,-25007763633.0,-21352581815.0,-49727588286.0,-8401136693.0,-5698926865.0,-11660198402.0,-11941710067.0,-10263166834.0,-986491445.0,5510375403.0,-17251820571.0,-31728981065.0,-30861110914.0,-17670792266.0,-19709821633.0,-15622576836.0,725214249.0,-6055286587.0,-4821422840.0,-13547693038.0,543414340.0,-9229981569.0,-8447152244.0,-12237443001.0,-36871962607.0,-60421068622.0,-43281380047.0,-41833404645.0,-28098455394.0
Lãi/(lỗ) thuần sau thuế,Net profit/(loss) after tax,net_profit_loss_after_tax,75918679910.0,117474083132.0,114171206752.0,296645200903.0,200318792341.0,153226604840.0,152809010425.0,197694695428.0,43359514116.0,32134111066.0,40023109574.0,86413135446.0,63799682967.0,23741757224.0,-13169242495.0,53508463893.0,206629951109.0,240687503919.0,119901744349.0,106526034970.0,92370665510.0,-51044261712.0,1038991127.0,-517885834.0,16902899308.0,-2287190579.0,27876196893.0,5340268025.0,132016279601.0,332812892370.0,283077814084.0,251570878518.0,195357833650.0,134869981055.0
Lợi ích của cổ đông thiểu số,Minority interests,minority_interests,27639245.0,4139055253.0,0.0,0.0,0.0,0.0,0.0,0.0,0.0,0.0,0.0,0.0,0.0,0.0,0.0,0.0,0.0,0.0,0.0,0.0,0.0,0.0,0.0,0.0,0.0,0.0,0.0,0.0,0.0,0.0,0.0,0.0,0.0,0.0
Lợi nhuận của Cổ đông của Công ty mẹ,Attributable to parent company,attributable_to_parent_company,75891040665.0,113335027879.0,114171206752.0,296645200903.0,200318792341.0,153226604840.0,152809010425.0,197694695428.0,43359514116.0,32134111066.0,40023109574.0,86413135446.0,63799682967.0,23741757224.0,-13169242495.0,53508463893.0,206629951109.0,240687503919.0,119901744349.0,106526034970.0,92370665510.0,-51044261712.0,1038991127.0,-517885834.0,16902899308.0,-2287190579.0,27876196893.0,5340268025.0,132016279601.0,332812892370.0,283077814084.0,251570878518.0,195357833650.0,134869981055.0
Lãi cơ bản trên cổ phiếu (VND),EPS basic (VND),eps_basic_vnd,606.0,910.0,916.0,2380.0,1579.0,1205.0,1203.0,1556.0,341.0,253.0,315.0,680.0,502.0,187.0,-104.0,421.0,1625.0,1894.0,943.0,838.0,694.0,-382.0,8.0,-4.0,127.0,-16.0,209.0,-140.0,496.0,1250.0,1063.0,945.0,734.0,507.0
Lãi trên cổ phiếu pha loãng (VND),EPS diluted (VND),eps_diluted_vnd,606.0,910.0,916.0,2380.0,1579.0,1205.0,1203.0,1556.0,341.0,253.0,315.0,680.0,502.0,187.0,-104.0,421.0,1625.0,1894.0,943.0,838.0,694.0,-382.0,8.0,-4.0,127.0,-16.0,209.0,-140.0,496.0,1250.0,1063.0,945.0,734.0,507.0
Lãi/(lỗ) từ công ty liên doanh (từ năm 2015),Gain/(loss) from joint ventures (from 2015),gain_loss_from_joint_ventures_from_2015,0.0,-190308173.0,0.0,-1841272521.0,0.0,0.0,0.0,0.0,0.0,-22666094.0,0.0,-269655707.0,0.0,-178533769.0,0.0,286875516.0,0.0,-97368931.0,0.0,42800285.0,0.0,-1989053272.0,0.0,-2034180615.0,0.0,-2090711241.0,0.0,-1994963699.0,0.0,-138658668.0,0.0,907047508.0,0.0,1006219748.0
